linha,fold
0,0
1,4
2,2
3,2
4,0
5,1
6,2
7,1
8,0
9,4
10,3
11,2
12,0
13,3
14,3
15,1
16,3
17,4
18,2
19,0
20,2
21,2
22,2
23,3
24,2
25,0
26,1
27,0
28,2
29,0
30,3
31,0
32,3
33,3
34,4
35,2
36,2
37,0
38,3
39,2
40,0
41,4
42,4
43,3
44,0
45,4
46,4
47,1
48,4
49,0
50,1
51,2
52,0
53,2
54,4
55,1
56,0
57,3
58,2
59,1
60,3
61,1
62,3
63,4
64,0
65,2
66,2
67,0
68,3
69,3
70,3
71,0
72,2
73,1
74,2
75,2
76,3
77,0
78,3
79,3
80,4
81,2
82,2
83,0
84,2
85,2
86,1
87,3
88,1
89,4
90,4
91,3
92,1
93,0
94,3
95,1
96,4
97,0
98,1
99,1
100,4
101,3
102,1
103,3
104,4
105,1
106,1
107,4
108,0
109,0
110,1
111,4
112,0
113,3
114,2
115,3
116,0
117,4
118,4
119,3
120,1
121,0
122,0
123,0
124,0
125,3
126,2
127,2
128,1
129,3
130,1
131,1
132,4
133,3
134,4
135,1
136,1
137,0
138,0
139,1
140,4
141,4
142,3
143,1
144,4
145,2
146,4
147,3
148,2
149,0
150,2
151,2
152,0
153,1
154,1
155,2
156,1
157,4
158,0
159,3
160,4
161,0
162,0
163,3
164,3
165,4
166,1
167,1
168,3
169,2
170,3
171,2
172,4
173,0
174,3
175,3
176,2
177,1
178,4
179,0
180,2
181,2
182,0
183,0
184,4
185,1
186,3
187,3
188,4
189,0
190,3
191,4
192,2
193,3
194,0
195,1
196,2
197,1
198,4
199,4
200,3
201,2
202,4
203,2
204,4
205,0
206,3
207,2
208,1
209,4
210,3
211,3
212,0
213,1
214,3
215,4
216,2
217,4
218,1
219,3
220,1
221,1
222,1
223,0
224,3
225,1
226,4
227,3
228,2
229,3
230,3
231,3
232,4
233,3
234,2
235,1
236,0
237,0
238,1
239,4
240,4
241,3
242,0
243,3
244,0
245,3
246,3
247,1
248,0
249,3
250,2
251,3
252,2
253,0
254,1
255,4
256,3
257,3
258,4
259,2
260,3
261,3
262,3
263,1
264,3
265,1
266,0
267,0
268,4
269,0
270,3
271,0
272,2
273,2
274,1
275,3
276,0
277,4
278,0
279,1
280,0
281,1
282,0
283,3
284,2
285,4
286,0
287,2
288,2
289,2
290,2
291,2
292,4
293,0
294,3
295,2
296,1
297,0
298,1
299,3
300,0
301,4
302,0
303,0
304,1
305,4
306,4
307,0
308,1
309,0
310,0
311,3
312,1
313,2
314,2
315,2
316,4
317,4
318,2
319,4
320,1
321,4
322,1
323,0
324,3
325,2
326,2
327,0
328,1
329,2
330,2
331,0
332,0
333,4
334,1
335,0
336,4
337,3
338,0
339,1
340,4
341,2
342,1
343,4
344,0
345,0
346,2
347,2
348,3
349,3
350,3
351,3
352,2
353,3
354,3
355,2
356,4
357,3
358,3
359,1
360,0
361,1
362,3
363,2
364,3
365,0
366,3
367,1
368,0
369,4
370,1
371,0
372,2
373,1
374,3
375,1
376,1
377,4
378,0
379,2
380,3
381,1
382,2
383,0
384,4
385,3
386,1
387,3
388,2
389,2
390,3
391,2
392,2
393,3
394,0
395,2
396,1
397,0
398,1
399,3
400,1
401,1
402,3
403,1
404,4
405,0
406,1
407,4
408,3
409,3
410,4
411,1
412,0
413,4
414,1
415,0
416,4
417,2
418,3
419,2
420,1
421,3
422,3
423,0
424,2
425,2
426,0
427,4
428,1
429,1
430,0
431,3
432,0
433,1
434,0
435,2
436,4
437,1
438,0
439,3
440,4
441,0
442,2
443,0
444,1
445,2
446,4
447,3
448,2
449,3
450,2
451,0
452,4
453,0
454,3
455,1
456,3
457,2
458,3
459,0
460,1
461,0
462,2
463,2
464,4
465,2
466,4
467,3
468,1
469,2
470,1
471,0
472,1
473,2
474,4
475,1
476,0
477,2
478,4
479,4
480,1
481,1
482,2
483,0
484,4
485,3
486,3
487,4
488,2
489,2
490,0
491,4
492,2
493,0
494,3
495,4
496,1
497,3
498,1
499,3
500,0
501,3
502,0
503,3
504,3
505,4
506,0
507,0
508,0
509,2
510,2
511,0
512,1
513,3
514,1
515,1
516,3
517,3
518,3
519,1
520,1
521,1
522,0
523,4
524,2
525,0
526,1
527,1
528,4
529,4
530,0
531,1
532,1
533,3
534,1
535,2
536,3
537,3
538,1
539,3
540,3
541,1
542,2
543,2
544,1
545,4
546,2
547,3
548,4
549,1
550,2
551,0
552,0
553,1
554,2
555,4
556,1
557,4
558,2
559,3
560,2
561,2
562,3
563,2
564,4
565,3
566,4
567,1
568,0
569,3
570,3
571,4
572,2
573,2
574,2
575,3
576,2
577,1
578,4
579,0
580,3
581,0
582,4
583,3
584,0
585,3
586,1
587,2
588,2
589,4
590,4
591,3
592,3
593,3
594,2
595,2
596,4
597,1
598,2
599,1
600,2
601,1
602,0
603,1
604,4
605,1
606,1
607,1
608,1
609,2
610,4
611,4
612,2
613,1
614,1
615,2
616,4
617,4
618,3
619,4
620,0
621,2
622,2
623,2
624,1
625,2
626,0
627,3
628,4
629,4
630,0
631,1
632,0
633,2
634,2
635,4
636,0
637,0
638,3
639,0
640,2
641,2
642,3
643,2
644,3
645,2
646,1
647,2
648,0
649,0
650,4
651,2
652,4
653,1
654,4
655,1
656,2
657,2
658,2
659,1
660,4
661,4
662,3
663,4
664,3
665,2
666,2
667,2
668,0
669,1
670,2
671,0
672,4
673,3
674,0
675,3
676,2
677,0
678,4
679,4
680,3
681,1
682,1
683,4
684,2
685,0
686,0
687,2
688,0
689,4
690,2
691,3
692,3
693,4
694,3
695,4
696,2
697,0
698,4
699,1
700,1
701,1
702,0
703,4
704,0
705,2
706,3
707,4
708,4
709,0
710,4
711,4
712,1
713,1
714,4
715,3
716,0
717,4
718,1
719,3
720,1
721,3
722,2
723,2
724,0
725,2
726,0
727,0
728,0
729,1
730,0
731,2
732,1
733,3
734,3
735,2
736,1
737,1
738,4
739,2
740,3
741,4
742,1
743,1
744,0
745,3
746,0
747,1
748,3
749,2
750,0
751,2
752,4
753,0
754,2
755,1
756,1
757,4
758,1
759,2
760,0
761,4
762,1
763,1
764,3
765,0
766,4
767,3
768,1
769,0
770,2
771,1
772,1
773,3
774,1
775,3
776,0
777,2
778,3
779,3
780,0
781,2
782,0
783,2
784,3
785,0
786,3
787,1
788,0
789,1
790,4
791,4
792,0
793,0
794,1
795,3
796,1
797,3
798,4
799,3
800,4
801,3
802,2
803,3
804,3
805,1
806,1
807,3
808,4
809,4
810,3
811,2
812,4
813,3
814,4
815,3
816,1
817,0
818,4
819,4
820,4
821,2
822,1
823,2
824,2
825,3
826,0
827,4
828,1
829,4
830,4
831,2
832,4
833,0
834,4
835,3
836,0
837,0
838,1
839,2
840,1
841,3
842,3
843,3
844,0
845,2
846,4
847,4
848,0
849,4
850,4
851,3
852,4
853,2
854,0
855,4
856,4
857,3
858,0
859,2
860,4
861,2
862,0
863,2
864,4
865,1
866,3
867,1
868,2
869,1
870,3
871,3
872,0
873,3
874,2
875,0
876,3
877,0
878,0
879,1
880,2
881,4
882,0
883,4
884,3
885,3
886,0
887,3
888,4
889,2
890,0
891,3
892,1
893,1
894,2
895,0
896,0
897,3
898,0
899,3
900,2
901,0
902,4
903,4
904,2
905,2
906,2
907,4
908,2
909,3
910,4
911,2
912,1
913,2
914,0
915,4
916,2
917,1
918,2
919,2
920,1
921,2
922,3
923,2
924,0
925,2
926,1
927,0
928,1
929,4
930,0
931,4
932,3
933,4
934,2
935,0
936,1
937,4
938,1
939,1
940,1
941,0
942,4
943,1
944,4
945,0
946,1
947,3
948,0
949,0
950,3
951,3
952,0
953,2
954,1
955,4
956,3
957,1
958,0
959,3
960,0
961,3
962,4
963,4
964,3
965,3
966,4
967,3
968,0
969,3
970,0
971,2
972,1
973,0
974,1
975,2
976,4
977,0
978,3
979,4
980,3
981,0
982,1
983,1
984,1
985,2
986,4
987,0
988,2
989,1
990,4
991,2
992,4
993,4
994,3
995,4
996,0
997,1
998,0
999,2
1000,1
1001,1
1002,4
1003,1
1004,0
1005,1
1006,1
1007,2
1008,3
1009,4
1010,3
1011,3
1012,0
1013,3
1014,0
1015,3
1016,0
1017,3
1018,4
1019,0
1020,3
1021,1
1022,2
1023,0
1024,1
1025,1
1026,4
1027,2
1028,4
1029,2
1030,0
1031,2
1032,3
1033,1
1034,3
1035,2
1036,4
1037,0
1038,2
1039,3
1040,0
1041,3
1042,1
1043,0
1044,0
1045,2
1046,3
1047,2
1048,2
1049,0
1050,1
1051,4
1052,1
1053,4
1054,2
1055,4
1056,4
1057,3
1058,2
1059,0
1060,3
1061,4
1062,1
1063,1
1064,3
1065,3
1066,1
1067,2
1068,0
1069,1
1070,4
1071,3
1072,4
1073,2
1074,1
1075,4
1076,4
1077,1
1078,2
1079,3
1080,3
1081,2
1082,0
1083,2
1084,4
1085,2
1086,0
1087,1
1088,1
1089,3
1090,2
1091,2
1092,2
1093,2
1094,1
1095,2
1096,0
1097,0
1098,1
1099,2
1100,4
1101,1
1102,2
1103,3
1104,1
1105,3
1106,2
1107,2
1108,3
1109,3
1110,1
1111,2
1112,3
1113,2
1114,2
1115,1
1116,0
1117,0
1118,0
1119,1
1120,4
1121,1
1122,4
1123,1
1124,4
1125,1
1126,3
1127,0
1128,1
1129,2
1130,4
1131,3
1132,1
1133,1
1134,0
1135,3
1136,0
1137,4
1138,2
1139,4
1140,2
1141,1
1142,3
1143,2
1144,0
1145,1
1146,4
1147,1
1148,2
1149,3
1150,2
1151,2
1152,0
1153,0
1154,4
1155,1
1156,2
1157,1
1158,1
1159,3
1160,2
1161,0
1162,0
1163,1
1164,3
1165,4
1166,2
1167,1
1168,1
1169,2
1170,1
1171,2
1172,0
1173,0
1174,3
1175,3
1176,1
1177,1
1178,4
1179,3
1180,3
1181,0
1182,2
1183,4
1184,2
1185,1
1186,1
1187,2
1188,1
1189,4
1190,0
1191,4
1192,4
1193,1
1194,0
1195,1
1196,1
1197,3
1198,2
1199,0
1200,1
1201,0
1202,2
1203,0
1204,3
1205,3
1206,2
1207,0
1208,0
1209,1
1210,0
1211,1
1212,3
1213,4
1214,3
1215,4
1216,1
1217,1
1218,2
1219,3
1220,1
1221,2
1222,2
1223,3
1224,0
1225,1
1226,4
1227,4
1228,3
1229,3
1230,3
1231,3
1232,3
1233,4
1234,4
1235,0
1236,2
1237,4
1238,1
1239,2
1240,1
1241,2
1242,1
1243,0
1244,2
1245,3
1246,2
1247,2
1248,0
1249,3
1250,0
1251,4
1252,1
1253,3
1254,1
1255,4
1256,1
1257,2
1258,2
1259,2
1260,4
1261,3
1262,3
1263,4
1264,0
1265,2
1266,3
1267,2
1268,1
1269,4
1270,0
1271,1
1272,2
1273,2
1274,0
1275,2
1276,4
1277,4
1278,0
1279,0
1280,4
1281,1
1282,1
1283,4
1284,0
1285,1
1286,2
1287,4
1288,0
1289,3
1290,1
1291,0
1292,2
1293,2
1294,3
1295,0
1296,3
1297,4
1298,3
1299,2
1300,1
1301,2
1302,4
1303,1
1304,4
1305,3
1306,4
1307,4
1308,2
1309,3
1310,1
1311,4
1312,2
1313,3
1314,1
1315,4
1316,2
1317,1
1318,2
1319,2
1320,0
1321,1
1322,3
1323,0
1324,1
1325,1
1326,4
1327,3
1328,0
1329,2
1330,2
1331,4
1332,0
1333,3
1334,3
1335,4
1336,4
1337,0
1338,0
1339,3
1340,4
1341,4
1342,2
1343,1
1344,2
1345,2
1346,4
1347,0
1348,4
1349,2
1350,3
1351,1
1352,0
1353,2
1354,1
1355,0
1356,2
1357,3
1358,0
1359,2
1360,1
1361,0
1362,1
1363,3
1364,2
1365,3
1366,3
1367,2
1368,2
1369,2
1370,4
1371,4
1372,4
1373,3
1374,4
1375,0
1376,1
1377,3
1378,0
1379,4
1380,1
1381,4
1382,0
1383,0
1384,4
1385,4
1386,0
1387,3
1388,4
1389,0
1390,2
1391,2
1392,4
1393,3
1394,0
1395,0
1396,0
1397,3
1398,3
1399,2
1400,2
1401,3
1402,2
1403,4
1404,4
1405,1
1406,0
1407,1
1408,0
1409,1
1410,2
1411,3
1412,1
1413,1
1414,0
1415,4
1416,4
1417,1
1418,1
1419,3
1420,4
1421,0
1422,1
1423,4
1424,4
1425,2
1426,4
1427,4
1428,4
1429,1
1430,1
1431,2
1432,0
1433,2
1434,0
1435,3
1436,3
1437,1
1438,4
1439,3
1440,4
1441,3
1442,3
1443,3
1444,2
1445,4
1446,1
1447,2
1448,2
1449,3
1450,0
1451,4
1452,2
1453,0
1454,3
1455,2
1456,1
1457,4
1458,1
1459,0
1460,1
1461,2
1462,1
1463,2
1464,3
1465,2
1466,2
1467,2
1468,2
1469,4
1470,0
1471,2
1472,3
1473,0
1474,1
1475,3
1476,0
1477,2
1478,0
1479,2
1480,3
1481,1
1482,4
1483,1
1484,0
1485,1
1486,3
1487,2
1488,3
1489,3
1490,2
1491,4
1492,2
1493,4
1494,0
1495,1
1496,1
1497,4
1498,1
1499,4
1500,1
1501,2
1502,4
1503,0
1504,3
1505,1
1506,3
1507,1
1508,3
1509,0
1510,4
1511,3
1512,3
1513,0
1514,2
1515,4
1516,1
1517,2
1518,4
1519,2
1520,3
1521,1
1522,1
1523,4
1524,3
1525,0
1526,3
1527,2
1528,4
1529,2
1530,3
1531,3
1532,1
1533,1
1534,1
1535,1
1536,1
1537,4
1538,3
1539,2
1540,4
1541,2
1542,1
1543,0
1544,4
1545,1
1546,3
1547,1
1548,1
1549,1
1550,4
1551,4
1552,0
1553,2
1554,4
1555,0
1556,3
1557,3
1558,1
1559,2
1560,2
1561,4
1562,4
1563,2
1564,2
1565,1
1566,2
1567,0
1568,2
1569,0
1570,2
1571,2
1572,4
1573,3
1574,0
1575,1
1576,0
1577,0
1578,2
1579,4
1580,4
1581,0
1582,2
1583,0
1584,4
1585,3
1586,3
1587,2
1588,3
1589,2
1590,0
1591,4
1592,2
1593,3
1594,2
1595,3
1596,1
1597,4
1598,0
1599,2
1600,2
1601,3
1602,1
1603,4
1604,1
1605,3
1606,4
1607,3
1608,1
1609,4
1610,4
1611,0
1612,0
1613,2
1614,3
1615,2
1616,0
1617,3
1618,2
1619,3
1620,4
1621,0
1622,1
1623,3
1624,3
1625,1
1626,3
1627,1
1628,0
1629,0
1630,4
1631,0
1632,4
1633,3
1634,4
1635,3
1636,1
1637,4
1638,2
1639,0
1640,4
1641,1
1642,2
1643,2
1644,4
1645,1
1646,1
1647,2
1648,4
1649,3
1650,3
1651,2
1652,0
1653,3
1654,2
1655,3
1656,1
1657,3
1658,3
1659,2
1660,4
1661,2
1662,3
1663,3
1664,4
1665,4
1666,4
1667,3
1668,2
1669,4
1670,0
1671,1
1672,4
1673,2
1674,3
1675,0
1676,0
1677,3
1678,3
1679,2
1680,0
1681,2
1682,4
1683,0
1684,3
1685,4
1686,1
1687,2
1688,2
1689,4
1690,3
1691,2
1692,0
1693,3
1694,4
1695,0
1696,3
1697,0
1698,0
1699,0
1700,2
1701,3
1702,0
1703,2
1704,4
1705,2
1706,4
1707,2
1708,3
1709,0
1710,4
1711,1
1712,1
1713,0
1714,3
1715,4
1716,1
1717,2
1718,3
1719,1
1720,1
1721,1
1722,4
1723,0
1724,3
1725,4
1726,0
1727,1
1728,2
1729,4
1730,0
1731,3
1732,3
1733,4
1734,0
1735,2
1736,3
1737,0
1738,0
1739,4
1740,0
1741,4
1742,0
1743,4
1744,2
1745,4
1746,2
1747,4
1748,0
1749,2
1750,2
1751,1
1752,1
1753,1
1754,2
1755,1
1756,3
1757,4
1758,3
1759,0
1760,0
1761,0
1762,4
1763,0
1764,0
1765,3
1766,0
1767,1
1768,2
1769,1
1770,2
1771,4
1772,4
1773,3
1774,3
1775,0
1776,4
1777,1
1778,3
1779,3
1780,2
1781,4
1782,0
1783,1
1784,3
1785,2
1786,4
1787,1
1788,1
1789,1
1790,4
1791,4
1792,3
1793,1
1794,4
1795,4
1796,1
1797,3
1798,3
1799,3
1800,0
1801,2
1802,0
1803,4
1804,4
1805,3
1806,2
1807,3
1808,0
1809,4
1810,1
1811,0
1812,4
1813,4
1814,2
1815,2
1816,3
1817,4
1818,4
1819,3
1820,3
1821,4
1822,1
1823,3
1824,3
1825,2
1826,2
1827,4
1828,3
1829,3
1830,1
1831,2
1832,1
1833,3
1834,0
1835,3
1836,4
1837,3
1838,1
1839,2
1840,4
1841,0
1842,0
1843,4
1844,2
1845,2
1846,0
1847,3
1848,2
1849,3
1850,4
1851,0
1852,4
1853,1
1854,2
1855,0
1856,4
1857,3
1858,2
1859,4
1860,2
1861,2
1862,4
1863,4
1864,4
1865,0
1866,0
1867,1
1868,3
1869,1
1870,1
1871,1
1872,1
1873,4
1874,4
1875,4
1876,0
1877,2
1878,0
1879,4
1880,2
1881,0
1882,4
1883,4
1884,3
1885,4
1886,3
1887,4
1888,2
1889,1
1890,0
1891,1
1892,2
1893,0
1894,1
1895,0
1896,1
1897,0
1898,3
1899,2
1900,4
1901,0
1902,4
1903,4
1904,1
1905,1
1906,2
1907,0
1908,2
1909,0
1910,2
1911,0
1912,2
1913,2
1914,3
1915,4
1916,0
1917,2
1918,0
1919,1
1920,2
1921,3
1922,3
1923,0
1924,0
1925,3
1926,4
1927,0
1928,1
1929,3
1930,3
1931,3
1932,0
1933,1
1934,4
1935,1
1936,3
1937,4
1938,3
1939,1
1940,0
1941,1
1942,3
1943,1
1944,3
1945,2
1946,3
1947,1
1948,4
1949,4
1950,0
1951,4
1952,3
1953,2
1954,4
1955,2
1956,3
1957,3
1958,4
1959,2
1960,3
1961,0
1962,3
1963,0
1964,3
1965,4
1966,3
1967,0
1968,1
1969,4
1970,2
1971,0
1972,0
1973,1
1974,0
1975,1
1976,0
1977,0
1978,2
1979,2
1980,4
1981,3
1982,2
1983,2
1984,2
1985,2
1986,0
1987,4
1988,3
1989,3
1990,0
1991,0
1992,4
1993,0
1994,4
1995,4
1996,2
1997,0
1998,0
1999,2
2000,3
2001,4
2002,3
2003,1
2004,0
2005,1
2006,3
2007,4
2008,4
2009,1
2010,2
2011,0
2012,3
2013,3
2014,2
2015,4
2016,3
2017,1
2018,2
2019,2
2020,1
2021,3
2022,1
2023,1
2024,3
2025,2
2026,3
2027,4
2028,1
2029,0
2030,0
2031,4
2032,3
2033,1
2034,2
2035,2
2036,3
2037,0
2038,2
2039,1
2040,0
2041,0
2042,4
2043,2
2044,0
2045,0
2046,1
2047,0
2048,3
2049,3
2050,1
2051,4
2052,3
2053,2
2054,3
2055,0
2056,2
2057,4
2058,2
2059,2
2060,1
2061,2
2062,3
2063,1
2064,0
2065,2
2066,4
2067,3
2068,4
2069,2
2070,3
2071,0
2072,0
2073,4
2074,1
2075,1
2076,4
2077,3
2078,1
2079,3
2080,0
2081,4
2082,4
2083,3
2084,2
2085,4
2086,3
2087,1
2088,3
2089,3
2090,3
2091,1
2092,3
2093,0
2094,4
2095,2
2096,2
2097,1
2098,2
2099,0
2100,4
2101,0
2102,1
2103,2
2104,4
2105,0
2106,2
2107,4
2108,2
2109,0
2110,1
2111,1
2112,0
2113,1
2114,4
2115,0
2116,4
2117,0
2118,1
2119,4
2120,3
2121,0
2122,4
2123,4
2124,2
2125,0
2126,1
2127,4
2128,1
2129,4
2130,4
2131,4
2132,1
2133,1
2134,3
2135,1
2136,4
2137,4
2138,1
2139,2
2140,3
2141,0
2142,0
2143,1
2144,3
2145,2
2146,3
2147,0
2148,0
2149,1
2150,0
2151,1
2152,2
2153,0
2154,1
2155,1
2156,0
2157,1
2158,1
2159,2
2160,1
2161,2
2162,2
2163,4
2164,1
2165,3
2166,3
2167,3
2168,1
2169,1
2170,3
2171,0
2172,2
2173,0
2174,1
2175,0
2176,3
2177,3
2178,2
2179,2
2180,3
2181,1
2182,2
2183,0
2184,2
2185,2
2186,0
2187,2
2188,3
2189,3
2190,2
2191,0
2192,1
2193,0
2194,4
2195,0
2196,1
2197,4
2198,4
2199,3
2200,0
2201,4
2202,3
2203,1
2204,4
2205,1
2206,3
2207,3
2208,1
2209,0
2210,1
2211,1
2212,0
2213,4
2214,0
2215,4
2216,0
2217,3
2218,1
2219,1
2220,2
2221,1
2222,2
2223,4
2224,2
2225,4
2226,1
2227,0
2228,4
2229,1
2230,0
2231,3
2232,2
2233,4
2234,0
2235,0
2236,1
2237,0
2238,3
2239,2
2240,1
2241,3
2242,2
2243,4
2244,2
2245,1
2246,4
2247,4
2248,4
2249,1
2250,3
2251,0
2252,1
2253,2
2254,3
2255,3
2256,2
2257,0
2258,3
2259,3
2260,4
2261,2
2262,3
2263,2
2264,2
2265,2
2266,4
2267,2
2268,4
2269,1
2270,0
2271,2
2272,4
2273,4
2274,3
2275,4
2276,0
2277,2
2278,0
2279,0
2280,2
2281,0
2282,2
2283,1
2284,1
2285,0
2286,0
2287,0
2288,1
2289,1
2290,3
2291,4
2292,3
2293,1
2294,3
2295,4
2296,2
2297,0
2298,0
2299,4
2300,3
2301,4
2302,1
2303,3
2304,1
2305,0
2306,3
2307,3
2308,0
2309,3
2310,2
2311,3
2312,1
2313,0
2314,0
2315,0
2316,4
2317,1
2318,0
2319,4
2320,4
2321,0
2322,2
2323,3
2324,0
2325,3
2326,3
2327,4
2328,3
2329,1
2330,3
2331,4
2332,4
2333,4
2334,0
2335,2
2336,1
2337,2
2338,4
2339,1
2340,1
2341,0
2342,1
2343,4
2344,1
2345,4
2346,2
2347,1
2348,0
2349,0
2350,2
2351,2
2352,4
2353,2
2354,2
2355,4
2356,1
2357,0
2358,3
2359,3
2360,3
2361,2
2362,2
2363,0
2364,4
2365,1
2366,4
2367,0
2368,2
2369,2
2370,0
2371,1
2372,1
2373,0
2374,4
2375,3
2376,1
2377,1
2378,4
2379,4
2380,4
2381,0
2382,3
2383,3
2384,1
2385,3
2386,2
2387,0
2388,4
2389,0
2390,0
2391,3
2392,1
2393,0
2394,4
2395,3
2396,1
2397,1
2398,3
2399,0
2400,4
2401,1
2402,4
2403,4
2404,3
2405,4
2406,0
2407,1
2408,3
2409,2
2410,2
2411,0
2412,1
2413,4
2414,1
2415,4
2416,0
2417,4
2418,1
2419,3
2420,0
2421,4
2422,3
2423,4
2424,0
2425,3
2426,4
2427,1
2428,1
2429,3
2430,3
2431,4
2432,1
2433,3
2434,4
2435,1
2436,2
2437,1
2438,2
2439,4
2440,0
2441,0
2442,2
2443,1
2444,0
2445,0
2446,1
2447,1
2448,3
2449,3
2450,1
2451,4
2452,3
2453,4
2454,0
2455,0
2456,4
2457,3
2458,0
2459,1
2460,4
2461,4
2462,0
2463,3
2464,4
2465,4
2466,0
2467,4
2468,2
2469,2
2470,4
2471,3
2472,3
2473,1
2474,1
2475,3
2476,4
2477,2
2478,3
2479,0
2480,2
2481,3
2482,2
2483,2
2484,2
2485,2
2486,0
2487,1
2488,3
2489,2
2490,2
2491,1
2492,1
2493,0
2494,4
2495,1
2496,2
2497,3
2498,1
2499,0
2500,1
2501,4
2502,0
2503,0
2504,2
2505,1
2506,1
2507,1
2508,3
2509,1
2510,2
2511,2
2512,3
2513,0
2514,0
2515,0
2516,0
2517,3
2518,4
2519,3
2520,4
2521,3
2522,3
2523,0
2524,4
2525,1
2526,3
2527,0
2528,3
2529,4
2530,2
2531,1
2532,4
2533,2
2534,3
2535,2
2536,3
2537,2
2538,3
2539,2
2540,3
2541,1
2542,1
2543,4
2544,2
2545,1
2546,0
2547,0
2548,1
2549,0
2550,0
2551,4
2552,1
2553,3
2554,0
2555,0
2556,2
2557,1
2558,3
2559,1
2560,1
2561,1
2562,4
2563,3
2564,4
2565,0
2566,0
2567,4
2568,2
2569,4
2570,3
2571,2
2572,2
2573,4
2574,2
2575,4
2576,3
2577,1
2578,0
2579,0
2580,4
2581,0
2582,2
2583,3
2584,0
2585,1
2586,0
2587,1
2588,2
2589,3
2590,4
2591,0
2592,4
2593,0
2594,1
2595,2
2596,3
2597,1
2598,1
2599,0
2600,3
2601,3
2602,1
2603,1
2604,0
2605,3
2606,4
2607,4
2608,0
2609,4
2610,0
2611,4
2612,4
2613,0
2614,0
2615,2
2616,0
2617,2
2618,0
2619,1
2620,2
2621,3
2622,3
2623,4
2624,3
2625,1
2626,4
2627,2
2628,4
2629,0
2630,2
2631,3
2632,3
2633,3
2634,0
2635,2
2636,3
2637,2
2638,4
2639,3
2640,2
2641,1
2642,1
2643,2
2644,3
2645,3
2646,1
2647,3
2648,2
2649,0
2650,0
2651,0
2652,1
2653,3
2654,3
2655,0
2656,2
2657,2
2658,0
2659,2
2660,1
2661,1
2662,3
2663,2
2664,4
2665,4
2666,3
2667,3
2668,2
2669,1
2670,2
2671,2
2672,0
2673,4
2674,0
2675,2
2676,0
2677,0
2678,2
2679,2
2680,2
2681,4
2682,1
2683,3
2684,1
2685,0
2686,1
2687,3
2688,2
2689,3
2690,1
2691,4
2692,2
2693,1
2694,0
2695,0
2696,0
2697,3
2698,2
2699,4
2700,1
2701,1
2702,2
2703,1
2704,1
2705,2
2706,3
2707,3
2708,3
2709,0
2710,1
2711,4
2712,1
2713,4
2714,4
2715,4
2716,1
2717,3
2718,1
2719,3
2720,1
2721,3
2722,3
2723,1
2724,4
2725,4
2726,1
2727,4
2728,4
2729,1
2730,1
2731,0
2732,2
2733,1
2734,2
2735,1
2736,0
2737,3
2738,2
2739,3
2740,2
2741,3
2742,2
2743,3
2744,1
2745,3
2746,3
2747,1
2748,3
2749,1
2750,3
2751,4
2752,0
2753,1
2754,4
2755,0
2756,3
2757,1
2758,4
2759,4
2760,2
2761,2
2762,2
2763,0
2764,0
2765,4
2766,0
2767,4
2768,3
2769,0
2770,0
2771,0
2772,0
2773,4
2774,2
2775,3
2776,4
2777,3
2778,4
2779,0
2780,3
2781,3
2782,1
2783,2
2784,0
2785,2
2786,2
2787,1
2788,2
2789,0
2790,1
2791,3
2792,2
2793,4
2794,1
2795,4
2796,3
2797,1
2798,0
2799,0
2800,2
2801,4
2802,4
2803,3
2804,3
2805,1
2806,4
2807,2
2808,1
2809,3
2810,1
2811,0
2812,3
2813,0
2814,0
2815,3
2816,4
2817,3
2818,3
2819,0
2820,3
2821,0
2822,3
2823,1
2824,2
2825,1
2826,2
2827,2
2828,2
2829,3
2830,3
2831,0
2832,3
2833,1
2834,0
2835,3
2836,0
2837,0
2838,0
2839,3
2840,1
2841,2
2842,3
2843,4
2844,4
2845,4
2846,1
2847,4
2848,1
2849,1
2850,1
2851,1
2852,4
2853,4
2854,0
2855,0
2856,3
2857,3
2858,0
2859,1
2860,3
2861,3
2862,0
2863,4
2864,2
2865,1
2866,1
2867,0
2868,0
2869,4
2870,4
2871,1
2872,1
2873,3
2874,1
2875,2
2876,4
2877,3
2878,3
2879,0
2880,4
2881,2
2882,0
2883,1
2884,1
2885,2
2886,1
2887,3
2888,1
2889,1
2890,1
2891,0
2892,4
2893,1
2894,4
2895,1
2896,0
2897,3
2898,3
2899,1
2900,2
2901,1
2902,1
2903,3
2904,2
2905,0
2906,4
2907,3
2908,4
2909,3
2910,2
2911,0
2912,4
2913,2
2914,2
2915,4
2916,4
2917,0
2918,3
2919,3
2920,2
2921,0
2922,0
2923,3
2924,1
2925,3
2926,0
2927,3
2928,3
2929,4
2930,0
2931,0
2932,0
2933,3
2934,3
2935,0
2936,4
2937,3
2938,2
2939,3
2940,4
2941,0
2942,0
2943,1
2944,3
2945,1
2946,1
2947,1
2948,3
2949,3
2950,0
2951,0
2952,3
2953,4
2954,3
2955,2
2956,0
2957,1
2958,2
2959,2
2960,2
2961,3
2962,1
2963,3
2964,0
2965,3
2966,3
2967,1
2968,3
2969,2
2970,2
2971,4
2972,3
2973,0
2974,0
2975,2
2976,2
2977,4
2978,0
2979,0
2980,4
2981,1
2982,0
2983,1
2984,2
2985,0
2986,2
2987,4
2988,0
2989,3
2990,4
2991,2
2992,4
2993,1
2994,0
2995,1
2996,4
2997,4
2998,1
2999,4
3000,1
3001,3
3002,1
3003,4
3004,1
3005,4
3006,0
3007,2
3008,1
3009,0
3010,0
3011,1
3012,2
3013,2
3014,4
3015,2
3016,0
3017,0
3018,2
3019,3
3020,3
3021,4
3022,3
3023,4
3024,1
3025,4
3026,4
3027,0
3028,3
3029,0
3030,0
3031,4
3032,3
3033,1
3034,0
3035,0
3036,2
3037,0
3038,4
3039,0
3040,0
3041,1
3042,3
3043,0
3044,2
3045,1
3046,0
3047,2
3048,4
3049,1
3050,4
3051,3
3052,3
3053,0
3054,2
3055,1
3056,4
3057,1
3058,4
3059,3
3060,0
3061,1
3062,2
3063,0
3064,1
3065,3
3066,0
3067,2
3068,4
3069,2
3070,4
3071,4
3072,2
3073,0
3074,2
3075,4
3076,0
3077,1
3078,2
3079,1
3080,1
3081,3
3082,0
3083,3
3084,3
3085,2
3086,3
3087,1
3088,0
3089,0
3090,4
3091,3
3092,4
3093,0
3094,1
3095,2
3096,3
3097,4
3098,0
3099,3
3100,2
3101,0
3102,4
3103,3
3104,4
3105,1
3106,0
3107,3
3108,3
3109,2
3110,4
3111,2
3112,0
3113,2
3114,2
3115,0
3116,4
3117,1
3118,0
3119,2
3120,3
3121,2
3122,2
3123,1
3124,1
3125,3
3126,4
3127,3
3128,2
3129,1
3130,3
3131,3
3132,2
3133,4
3134,3
3135,3
3136,2
3137,2
3138,3
3139,0
3140,4
3141,2
3142,4
3143,2
3144,4
3145,3
3146,0
3147,4
3148,3
3149,3
3150,2
3151,1
3152,4
3153,3
3154,2
3155,3
3156,0
3157,4
3158,4
3159,3
3160,4
3161,0
3162,2
3163,1
3164,2
3165,0
3166,2
3167,1
3168,3
3169,1
3170,1
3171,0
3172,3
3173,2
3174,3
3175,1
3176,3
3177,2
3178,1
3179,3
3180,4
3181,4
3182,2
3183,4
3184,2
3185,3
3186,0
3187,4
3188,4
3189,0
3190,3
3191,0
3192,0
3193,3
3194,0
3195,3
3196,0
3197,0
3198,3
3199,4
3200,2
3201,1
3202,4
3203,2
3204,0
3205,1
3206,1
3207,4
3208,4
3209,2
3210,3
3211,1
3212,0
3213,0
3214,2
3215,1
3216,0
3217,3
3218,1
3219,2
3220,1
3221,3
3222,4
3223,0
3224,0
3225,3
3226,1
3227,2
3228,0
3229,1
3230,0
3231,2
3232,2
3233,1
3234,4
3235,2
3236,4
3237,4
3238,4
3239,1
3240,3
3241,4
3242,2
3243,3
3244,2
3245,3
3246,4
3247,1
3248,0
3249,1
3250,4
3251,2
3252,3
3253,0
3254,3
3255,4
3256,4
3257,3
3258,3
3259,0
3260,0
3261,1
3262,0
3263,0
3264,0
3265,0
3266,4
3267,1
3268,4
3269,1
3270,2
3271,1
3272,0
3273,2
3274,0
3275,3
3276,4
3277,1
3278,4
3279,0
3280,2
3281,0
3282,0
3283,0
3284,3
3285,4
3286,4
3287,3
3288,4
3289,1
3290,2
3291,4
3292,4
3293,3
3294,4
3295,4
3296,4
3297,1
3298,4
3299,3
3300,1
3301,0
3302,1
3303,3
3304,4
3305,1
3306,4
3307,3
3308,3
3309,0
3310,3
3311,1
3312,1
3313,2
3314,2
3315,3
3316,0
3317,2
3318,2
3319,0
3320,4
3321,1
3322,1
3323,1
3324,2
3325,3
3326,3
3327,1
3328,0
3329,0
3330,0
3331,0
3332,4
3333,1
3334,0
3335,4
3336,4
3337,3
3338,4
3339,1
3340,3
3341,0
3342,4
3343,1
3344,1
3345,3
3346,3
3347,1
3348,3
3349,1
3350,2
3351,0
3352,2
3353,1
3354,1
3355,4
3356,0
3357,2
3358,2
3359,0
3360,2
3361,1
3362,2
3363,4
3364,4
3365,3
3366,2
3367,2
3368,2
3369,4
3370,3
3371,3
3372,3
3373,4
3374,0
3375,0
3376,1
3377,4
3378,1
3379,1
3380,1
3381,3
3382,3
3383,2
3384,3
3385,1
3386,4
3387,2
3388,1
3389,3
3390,0
3391,3
3392,4
3393,3
3394,3
3395,0
3396,1
3397,0
3398,0
3399,3
3400,0
3401,3
3402,4
3403,4
3404,2
3405,3
3406,1
3407,4
3408,4
3409,3
3410,3
3411,2
3412,0
3413,2
3414,4
3415,0
3416,4
3417,1
3418,0
3419,4
3420,1
3421,3
3422,1
3423,1
3424,2
3425,4
3426,1
3427,1
3428,1
3429,4
3430,2
3431,2
3432,1
3433,1
3434,4
3435,0
3436,1
3437,2
3438,1
3439,3
3440,1
3441,0
3442,1
3443,3
3444,2
3445,2
3446,3
3447,2
3448,4
3449,0
3450,1
3451,1
3452,3
3453,1
3454,0
3455,2
3456,3
3457,3
3458,1
3459,1
3460,0
3461,3
3462,1
3463,1
3464,0
3465,2
3466,2
3467,4
3468,0
3469,4
3470,4
3471,4
3472,0
3473,2
3474,3
3475,1
3476,0
3477,2
3478,2
3479,1
3480,3
3481,4
3482,0
3483,4
3484,3
3485,4
3486,0
3487,3
3488,0
3489,3
3490,3
3491,4
3492,1
3493,4
3494,1
3495,0
3496,1
3497,4
3498,3
3499,1
3500,1
3501,2
3502,0
3503,3
3504,1
3505,0
3506,3
3507,3
3508,2
3509,0
3510,4
3511,3
3512,1
3513,1
3514,1
3515,2
3516,3
3517,0
3518,1
3519,2
3520,0
3521,1
3522,2
3523,4
3524,4
3525,0
3526,1
3527,1
3528,1
3529,1
3530,3
3531,1
3532,4
3533,0
3534,3
3535,1
3536,0
3537,1
3538,1
3539,4
3540,3
3541,0
3542,3
3543,0
3544,1
3545,4
3546,1
3547,3
3548,0
3549,2
3550,3
3551,3
3552,4
3553,4
3554,1
3555,1
3556,4
3557,0
3558,2
3559,4
3560,2
3561,0
3562,4
3563,4
3564,2
3565,1
3566,0
3567,2
3568,0
3569,0
3570,3
3571,0
3572,3
3573,2
3574,4
3575,4
3576,2
3577,3
3578,3
3579,4
3580,0
3581,0
3582,4
3583,1
3584,1
3585,1
3586,0
3587,0
3588,3
3589,4
3590,2
3591,2
3592,2
3593,4
3594,3
3595,0
3596,0
3597,4
3598,3
3599,3
3600,4
3601,1
3602,4
3603,3
3604,2
3605,2
3606,2
3607,1
3608,2
3609,3
3610,2
3611,1
3612,1
3613,1
3614,2
3615,0
3616,1
3617,0
3618,4
3619,4
3620,4
3621,0
3622,4
3623,1
3624,3
3625,1
3626,0
3627,0
3628,4
3629,0
3630,0
3631,0
3632,2
3633,3
3634,3
3635,2
3636,0
3637,4
3638,4
3639,0
3640,1
3641,0
3642,3
3643,2
3644,3
3645,4
3646,1
3647,4
3648,2
3649,0
3650,4
3651,0
3652,1
3653,4
3654,0
3655,3
3656,0
3657,1
3658,2
3659,3
3660,2
3661,4
3662,1
3663,4
3664,1
3665,2
3666,0
3667,1
3668,3
3669,4
3670,1
3671,3
3672,3
3673,2
3674,1
3675,4
3676,0
3677,1
3678,1
3679,3
3680,3
3681,0
3682,2
3683,1
3684,2
3685,3
3686,1
3687,4
3688,4
3689,1
3690,1
3691,2
3692,0
3693,0
3694,4
3695,1
3696,1
3697,3
3698,0
3699,4
3700,3
3701,0
3702,2
3703,3
3704,1
3705,2
3706,3
3707,3
3708,1
3709,4
3710,4
3711,2
3712,2
3713,1
3714,4
3715,3
3716,4
3717,3
3718,2
3719,0
3720,4
3721,4
3722,4
3723,0
3724,1
3725,4
3726,0
3727,3
3728,0
3729,3
3730,4
3731,1
3732,0
3733,3
3734,2
3735,2
3736,1
3737,1
3738,4
3739,1
3740,4
3741,4
3742,4
3743,1
3744,4
3745,4
3746,2
3747,2
3748,0
3749,0
3750,3
3751,0
3752,1
3753,2
3754,3
3755,3
3756,0
3757,1
3758,2
3759,2
3760,1
3761,1
3762,0
3763,3
3764,4
3765,0
3766,3
3767,4
3768,4
3769,2
3770,0
3771,4
3772,0
3773,3
3774,4
3775,0
3776,2
3777,0
3778,2
3779,1
3780,1
3781,2
3782,4
3783,1
3784,1
3785,4
3786,3
3787,2
3788,3
3789,2
3790,4
3791,4
3792,4
3793,1
3794,4
3795,2
3796,4
3797,3
3798,4
3799,2
3800,2
3801,0
3802,3
3803,1
3804,4
3805,3
3806,0
3807,0
3808,0
3809,0
3810,4
3811,2
3812,3
3813,3
3814,2
3815,0
3816,3
3817,4
3818,2
3819,4
3820,3
3821,4
3822,3
3823,4
3824,2
3825,1
3826,2
3827,1
3828,4
3829,2
3830,4
3831,2
3832,1
3833,4
3834,4
3835,0
3836,1
3837,1
3838,0
3839,3
3840,4
3841,4
3842,2
3843,3
3844,1
3845,2
3846,4
3847,1
3848,4
3849,1
3850,3
3851,4
3852,0
3853,4
3854,1
3855,0
3856,4
3857,2
3858,2
3859,3
3860,3
3861,2
3862,1
3863,1
3864,3
3865,4
3866,3
3867,4
3868,2
3869,4
3870,4
3871,4
3872,3
3873,2
3874,4
3875,1
3876,0
3877,4
3878,1
3879,1
3880,0
3881,3
3882,4
3883,1
3884,2
3885,3
3886,2
3887,2
3888,3
3889,4
3890,2
3891,0
3892,0
3893,0
3894,1
3895,3
3896,4
3897,4
3898,2
3899,2
3900,0
3901,4
3902,1
3903,2
3904,4
3905,0
3906,2
3907,2
3908,4
3909,2
3910,4
3911,1
3912,4
3913,4
3914,0
3915,3
3916,1
3917,0
3918,4
3919,3
3920,2
3921,4
3922,4
3923,3
3924,0
3925,1
3926,2
3927,2
3928,4
3929,1
3930,2
3931,2
3932,1
3933,0
3934,1
3935,2
3936,1
3937,3
3938,3
3939,4
3940,4
3941,3
3942,2
3943,3
3944,0
3945,1
3946,3
3947,2
3948,0
3949,2
3950,2
3951,4
3952,1
3953,2
3954,3
3955,0
3956,2
3957,1
3958,1
3959,3
3960,3
3961,0
3962,3
3963,3
3964,0
3965,3
3966,4
3967,2
3968,3
3969,0
3970,3
3971,0
3972,3
3973,1
3974,3
3975,2
3976,3
3977,0
3978,3
3979,2
3980,3
3981,2
3982,2
3983,0
3984,2
3985,2
3986,1
3987,2
3988,2
3989,1
3990,3
3991,3
3992,2
3993,3
3994,3
3995,0
3996,0
3997,0
3998,1
3999,3
4000,1
4001,3
4002,3
4003,2
4004,4
4005,3
4006,2
4007,3
4008,4
4009,2
4010,4
4011,1
4012,0
4013,1
4014,0
4015,1
4016,3
4017,0
4018,4
4019,1
4020,0
4021,2
4022,0
4023,2
4024,3
4025,3
4026,2
4027,2
4028,4
4029,3
4030,2
4031,0
4032,2
4033,2
4034,1
4035,1
4036,0
4037,0
4038,2
4039,4
4040,3
4041,4
4042,1
4043,2
4044,1
4045,4
4046,0
4047,3
4048,4
4049,4
4050,4
4051,1
4052,4
4053,2
4054,4
4055,1
4056,3
4057,2
4058,1
4059,1
4060,3
4061,4
4062,2
4063,3
4064,0
4065,3
4066,4
4067,0
4068,1
4069,2
4070,2
4071,3
4072,0
4073,1
4074,4
4075,4
4076,4
4077,0
4078,0
4079,4
4080,4
4081,4
4082,0
4083,0
4084,1
4085,2
4086,3
4087,4
4088,1
4089,0
4090,4
4091,4
4092,4
4093,3
4094,3
4095,1
4096,2
4097,2
4098,3
4099,4
4100,2
4101,4
4102,2
4103,4
4104,4
4105,1
4106,1
4107,3
4108,2
4109,1
4110,4
4111,0
4112,1
4113,4
4114,0
4115,1
4116,3
4117,0
4118,2
4119,1
4120,0
4121,3
4122,2
4123,4
4124,2
4125,2
4126,3
4127,4
4128,1
4129,0
4130,1
4131,0
4132,1
4133,2
4134,3
4135,0
4136,2
4137,1
4138,2
4139,0
4140,2
4141,0
4142,4
4143,3
4144,3
4145,4
4146,0
4147,0
4148,3
4149,1
4150,3
4151,3
4152,4
4153,0
4154,3
4155,4
4156,2
4157,2
4158,4
4159,3
4160,4
4161,3
4162,2
4163,4
4164,1
4165,3
4166,3
4167,4
4168,2
4169,1
4170,2
4171,1
4172,0
4173,2
4174,0
4175,4
4176,2
4177,2
4178,4
4179,0
4180,0
4181,1
4182,0
4183,4
4184,0
4185,2
4186,0
4187,1
4188,4
4189,4
4190,1
4191,3
4192,2
4193,0
4194,4
4195,0
4196,2
4197,1
4198,2
4199,2
4200,0
4201,0
4202,2
4203,3
4204,0
4205,2
4206,2
4207,2
4208,3
4209,0
4210,3
4211,3
4212,4
4213,4
4214,1
4215,4
4216,1
4217,1
4218,1
4219,2
4220,4
4221,4
4222,3
4223,3
4224,2
4225,4
4226,2
4227,0
4228,2
4229,4
4230,3
4231,1
4232,3
4233,3
4234,3
4235,0
4236,3
4237,1
4238,0
4239,3
4240,0
4241,4
4242,2
4243,4
4244,3
4245,4
4246,4
4247,0
4248,2
4249,2
4250,0
4251,3
4252,1
4253,0
4254,2
4255,3
4256,2
4257,4
4258,0
4259,1
4260,1
4261,0
4262,0
4263,2
4264,4
4265,1
4266,3
4267,3
4268,1
4269,0
4270,0
4271,2
4272,4
4273,3
4274,1
4275,0
4276,2
4277,0
4278,4
4279,3
4280,0
4281,0
4282,2
4283,0
4284,1
4285,0
4286,1
4287,4
4288,3
4289,3
4290,3
4291,1
4292,1
4293,3
4294,3
4295,3
4296,3
4297,2
4298,3
4299,3
4300,3
4301,0
4302,1
4303,1
4304,2
4305,1
4306,1
4307,2
4308,1
4309,4
4310,3
4311,2
4312,1
4313,4
4314,2
4315,2
4316,1
4317,2
4318,3
4319,0
4320,2
4321,0
4322,0
4323,4
4324,1
4325,0
4326,0
4327,3
4328,4
4329,4
4330,2
4331,1
4332,1
4333,2
4334,1
4335,1
4336,1
4337,4
4338,0
4339,3
4340,4
4341,0
4342,2
4343,1
4344,2
4345,3
4346,0
4347,3
4348,0
4349,3
4350,1
4351,2
4352,1
4353,2
4354,4
4355,3
4356,1
4357,3
4358,3
4359,1
4360,1
4361,1
4362,4
4363,2
4364,3
4365,0
4366,4
4367,0
4368,2
4369,4
4370,2
4371,4
4372,2
4373,3
4374,4
4375,0
4376,4
4377,2
4378,3
4379,2
4380,0
4381,2
4382,4
4383,2
4384,0
4385,2
4386,1
4387,2
4388,1
4389,0
4390,4
4391,1
4392,3
4393,4
4394,3
4395,3
4396,2
4397,0
4398,1
4399,3
4400,2
4401,0
4402,4
4403,4
4404,3
4405,2
4406,1
4407,3
4408,1
4409,2
4410,1
4411,3
4412,0
4413,0
4414,3
4415,3
4416,0
4417,2
4418,1
4419,1
4420,2
4421,4
4422,4
4423,4
4424,1
4425,3
4426,4
4427,2
4428,3
4429,4
4430,0
4431,3
4432,2
4433,0
4434,0
4435,2
4436,2
4437,4
4438,1
4439,1
4440,4
4441,3
4442,1
4443,4
4444,0
4445,1
4446,0
4447,3
4448,1
4449,3
4450,1
4451,1
4452,0
4453,0
4454,2
4455,3
4456,2
4457,0
4458,2
4459,4
4460,0
4461,2
4462,3
4463,2
4464,1
4465,0
4466,0
4467,0
4468,2
4469,1
4470,4
4471,2
4472,3
4473,3
4474,4
4475,0
4476,0
4477,1
4478,2
4479,0
4480,1
4481,2
4482,2
4483,0
4484,2
4485,2
4486,4
4487,2
4488,0
4489,0
4490,1
4491,2
4492,2
4493,3
4494,4
4495,2
4496,2
4497,4
4498,3
4499,0
4500,3
4501,2
4502,2
4503,4
4504,3
4505,4
4506,1
4507,4
4508,0
4509,2
4510,1
4511,2
4512,0
4513,4
4514,4
4515,1
4516,0
4517,1
4518,4
4519,4
4520,4
4521,4
4522,2
4523,1
4524,0
4525,0
4526,4
4527,0
4528,0
4529,1
4530,3
4531,0
4532,1
4533,2
4534,4
4535,2
4536,2
4537,4
4538,4
4539,3
4540,3
4541,2
4542,4
4543,1
4544,3
4545,0
4546,3
4547,3
4548,3
4549,0
4550,1
4551,1
4552,1
4553,4
4554,4
4555,1
4556,1
4557,2
4558,2
4559,4
4560,4
4561,2
4562,0
4563,4
4564,3
4565,3
4566,4
4567,3
4568,4
4569,2
4570,4
4571,4
4572,0
4573,0
4574,3
4575,4
4576,3
4577,4
4578,2
4579,4
4580,1
4581,2
4582,4
4583,4
4584,2
4585,4
4586,1
4587,4
4588,4
4589,0
4590,4
4591,0
4592,1
4593,3
4594,2
4595,3
4596,3
4597,3
4598,0
4599,4
4600,2
4601,3
4602,2
4603,3
4604,2
4605,4
4606,3
4607,4
4608,4
4609,2
4610,2
4611,4
4612,0
4613,4
4614,0
4615,3
4616,1
4617,3
4618,4
4619,2
4620,1
4621,4
4622,1
4623,0
4624,4
4625,1
4626,3
4627,0
4628,3
4629,2
4630,4
4631,2
4632,3
4633,4
4634,2
4635,2
4636,1
4637,4
4638,4
4639,0
4640,2
4641,3
4642,3
4643,4
4644,4
4645,1
4646,0
4647,0
4648,1
4649,4
4650,1
4651,4
4652,4
4653,2
4654,1
4655,0
4656,4
4657,4
4658,4
4659,2
4660,1
4661,2
4662,2
4663,4
4664,2
4665,0
4666,1
4667,2
4668,3
4669,0
4670,4
4671,0
4672,3
4673,3
4674,3
4675,0
4676,4
4677,3
4678,2
4679,0
4680,3
4681,2
4682,0
4683,2
4684,2
4685,1
4686,3
4687,4
4688,2
4689,2
4690,3
4691,3
4692,0
4693,4
4694,2
4695,3
4696,2
4697,1
4698,2
4699,0
4700,3
4701,0
4702,1
4703,3
4704,3
4705,4
4706,2
4707,2
4708,0
4709,2
4710,2
4711,0
4712,4
4713,2
4714,1
4715,1
4716,1
4717,4
4718,3
4719,4
4720,2
4721,0
4722,1
4723,0
4724,3
4725,1
4726,3
4727,4
4728,1
4729,3
4730,4
4731,4
4732,3
4733,0
4734,2
4735,1
4736,1
4737,3
4738,0
4739,2
4740,2
4741,4
4742,4
4743,1
4744,4
4745,4
4746,2
4747,3
4748,3
4749,2
4750,2
4751,4
4752,2
4753,0
4754,2
4755,2
4756,2
4757,3
4758,0
4759,4
4760,4
4761,4
4762,3
4763,0
4764,2
4765,2
4766,3
4767,2
4768,2
4769,4
4770,2
4771,4
4772,3
4773,4
4774,3
4775,2
4776,4
4777,4
4778,2
4779,0
4780,0
4781,3
4782,4
4783,0
4784,3
4785,4
4786,2
4787,0
4788,4
4789,1
4790,2
4791,4
4792,3
4793,0
4794,1
4795,0
4796,3
4797,0
4798,0
4799,1
4800,0
4801,2
4802,1
4803,3
4804,1
4805,0
4806,3
4807,3
4808,2
4809,0
4810,0
4811,1
4812,1
4813,1
4814,4
4815,3
4816,3
4817,0
4818,0
4819,3
4820,4
4821,3
4822,0
4823,2
4824,0
4825,1
4826,3
4827,0
4828,1
4829,2
4830,1
4831,3
4832,3
4833,2
4834,4
4835,1
4836,1
4837,1
4838,4
4839,2
4840,1
4841,3
4842,1
4843,0
4844,1
4845,1
4846,0
4847,4
4848,0
4849,0
4850,0
4851,3
4852,0
4853,4
4854,4
4855,1
4856,0
4857,0
4858,3
4859,4
4860,4
4861,0
4862,1
4863,4
4864,4
4865,2
4866,3
4867,1
4868,1
4869,4
4870,0
4871,2
4872,2
4873,0
4874,1
4875,1
4876,3
4877,2
4878,0
4879,4
4880,0
4881,2
4882,2
4883,3
4884,0
4885,1
4886,4
4887,1
4888,3
4889,1
4890,0
4891,4
4892,0
4893,3
4894,3
4895,4
4896,4
4897,1
4898,2
4899,1
4900,3
4901,2
4902,0
4903,3
4904,2
4905,4
4906,3
4907,1
4908,2
4909,4
4910,2
4911,0
4912,0
4913,2
4914,3
4915,4
4916,3
4917,2
4918,0
4919,1
4920,0
4921,1
4922,1
4923,4
4924,2
4925,4
4926,1
4927,1
4928,4
4929,2
4930,0
4931,4
4932,2
4933,1
4934,4
4935,1
4936,1
4937,0
4938,0
4939,2
4940,2
4941,2
4942,4
4943,2
4944,0
4945,2
4946,2
4947,3
4948,4
4949,2
4950,1
4951,0
4952,2
4953,3
4954,2
4955,1
4956,3
4957,1
4958,3
4959,1
4960,0
4961,4
4962,0
4963,4
4964,4
4965,3
4966,3
4967,1
4968,2
4969,0
4970,4
4971,4
4972,3
4973,4
4974,3
4975,3
4976,2
4977,0
4978,0
4979,3
4980,2
4981,1
4982,2
4983,2
4984,3
4985,2
4986,3
4987,4
4988,1
4989,4
4990,0
4991,4
4992,0
4993,3
4994,2
4995,0
4996,0
4997,3
4998,4
4999,2
5000,2
5001,4
5002,4
5003,2
5004,1
5005,1
5006,3
5007,1
5008,1
5009,3
5010,3
5011,1
5012,4
5013,2
5014,2
5015,0
5016,3
5017,3
5018,3
5019,1
5020,2
5021,4
5022,1
5023,4
5024,4
5025,0
5026,3
5027,0
5028,0
5029,0
5030,0
5031,3
5032,0
5033,3
5034,2
5035,4
5036,1
5037,4
5038,1
5039,4
5040,0
5041,1
5042,2
5043,2
5044,1
5045,4
5046,1
5047,0
5048,1
5049,2
5050,0
5051,3
5052,1
5053,4
5054,1
5055,3
5056,0
5057,2
5058,3
5059,1
5060,1
5061,0
5062,1
5063,1
5064,1
5065,4
5066,1
5067,0
5068,2
5069,1
5070,1
5071,0
5072,4
5073,4
5074,3
5075,4
5076,4
5077,1
5078,0
5079,0
5080,4
5081,0
5082,2
5083,4
5084,0
5085,2
5086,4
5087,3
5088,3
5089,1
5090,3
5091,4
5092,3
5093,3
5094,3
5095,2
5096,3
5097,3
5098,4
5099,0
5100,4
5101,1
5102,4
5103,2
5104,2
5105,2
5106,0
5107,0
5108,2
5109,3
5110,0
5111,3
5112,3
5113,3
5114,1
5115,3
5116,1
5117,2
5118,1
5119,4
5120,1
5121,2
5122,1
5123,4
5124,4
5125,1
5126,4
5127,3
5128,1
5129,2
5130,0
5131,4
5132,2
5133,4
5134,4
5135,4
5136,4
5137,0
5138,3
5139,2
5140,1
5141,1
5142,3
5143,2
5144,0
5145,2
5146,4
5147,4
5148,4
5149,0
5150,3
5151,3
5152,0
5153,4
5154,3
5155,0
5156,2
5157,1
5158,1
5159,2
5160,4
5161,1
5162,0
5163,1
5164,2
5165,0
5166,0
5167,0
5168,0
5169,4
5170,3
5171,4
5172,1
5173,1
5174,0
5175,4
5176,0
5177,2
5178,3
5179,1
5180,3
5181,3
5182,0
5183,1
5184,3
5185,0
5186,3
5187,1
5188,2
5189,1
5190,3
5191,2
5192,3
5193,3
5194,1
5195,1
5196,1
5197,0
5198,2
5199,1
5200,4
5201,3
5202,1
5203,2
5204,1
5205,0
5206,4
5207,3
5208,0
5209,3
5210,2
5211,4
5212,3
5213,3
5214,2
5215,3
5216,0
5217,0
5218,2
5219,0
5220,3
5221,2
5222,1
5223,3
5224,4
5225,4
5226,2
5227,0
5228,1
5229,3
5230,2
5231,4
5232,1
5233,2
5234,4
5235,2
5236,1
5237,0
5238,0
5239,1
5240,4
5241,2
5242,3
5243,2
5244,4
5245,2
5246,1
5247,3
5248,2
5249,1
5250,1
5251,0
5252,1
5253,2
5254,3
5255,4
5256,2
5257,1
5258,2
5259,0
5260,1
5261,2
5262,3
5263,2
5264,0
5265,0
5266,3
5267,2
5268,0
5269,3
5270,2
5271,1
5272,1
5273,3
5274,4
5275,4
5276,2
5277,0
5278,4
5279,4
5280,0
5281,2
5282,4
5283,0
5284,4
5285,3
5286,4
5287,2
5288,2
5289,4
5290,0
5291,3
5292,4
5293,2
5294,2
5295,4
5296,1
5297,4
5298,2
5299,1
5300,0
5301,1
5302,1
5303,2
5304,3
5305,3
5306,1
5307,4
5308,1
5309,0
5310,2
5311,2
5312,0
5313,1
5314,3
5315,0
5316,1
5317,0
5318,2
5319,1
5320,2
5321,0
5322,3
5323,3
5324,1
5325,2
5326,1
5327,2
5328,1
5329,4
5330,2
5331,1
5332,1
5333,4
5334,3
5335,2
5336,3
5337,1
5338,0
5339,4
5340,2
5341,0
5342,2
5343,4
5344,4
5345,1
5346,4
5347,2
5348,0
5349,0
5350,4
5351,3
5352,2
5353,2
5354,0
5355,4
5356,4
5357,0
5358,2
5359,4
5360,0
5361,0
5362,0
5363,0
5364,4
5365,2
5366,2
5367,1
5368,0
5369,2
5370,1
5371,4
5372,3
5373,1
5374,2
5375,1
5376,2
5377,0
5378,3
5379,1
5380,4
5381,0
5382,0
5383,4
5384,3
5385,1
5386,0
5387,1
5388,0
5389,0
5390,2
5391,0
5392,2
5393,1
5394,1
5395,4
5396,0
5397,2
5398,3
5399,4
5400,2
5401,3
5402,4
5403,3
5404,2
5405,1
5406,4
5407,0
5408,0
5409,3
5410,1
5411,4
5412,2
5413,4
5414,4
5415,2
5416,0
5417,2
5418,3
5419,2
5420,1
5421,3
5422,2
5423,3
5424,2
5425,3
5426,2
5427,0
5428,4
5429,1
5430,0
5431,3
5432,3
5433,3
5434,0
5435,0
5436,1
5437,0
5438,1
5439,4
5440,3
5441,0
5442,4
5443,1
5444,0
5445,4
5446,1
5447,0
5448,4
5449,2
5450,2
5451,3
5452,3
5453,2
5454,1
5455,2
5456,4
5457,2
5458,4
5459,3
5460,4
5461,3
5462,1
5463,2
5464,1
5465,4
5466,1
5467,4
5468,1
5469,2
5470,2
5471,3
5472,4
5473,3
5474,0
5475,0
5476,1
5477,4
5478,2
5479,3
5480,2
5481,0
5482,2
5483,2
5484,4
5485,1
5486,4
5487,2
5488,3
5489,0
5490,4
5491,2
5492,0
5493,3
5494,0
5495,4
5496,3
5497,0
5498,3
5499,3
5500,3
5501,2
5502,2
5503,1
5504,0
5505,4
5506,1
5507,1
5508,3
5509,1
5510,0
5511,3
5512,2
5513,0
5514,1
5515,4
5516,4
5517,1
5518,0
5519,0
5520,4
5521,1
5522,0
5523,0
5524,1
5525,3
5526,0
5527,4
5528,1
5529,0
5530,4
5531,3
5532,4
5533,0
5534,3
5535,2
5536,0
5537,3
5538,4
5539,1
5540,4
5541,3
5542,2
5543,1
5544,1
5545,3
5546,4
5547,2
5548,4
5549,1
5550,2
5551,1
5552,2
5553,1
5554,0
5555,1
5556,4
5557,2
5558,1
5559,3
5560,2
5561,2
5562,1
5563,3
5564,1
5565,1
5566,0
5567,1
5568,1
5569,4
5570,3
5571,2
5572,2
5573,1
5574,1
5575,3
5576,2
5577,0
5578,0
5579,1
5580,0
5581,2
5582,3
5583,4
5584,4
5585,1
5586,3
5587,0
5588,4
5589,0
5590,3
5591,3
5592,3
5593,1
5594,2
5595,3
5596,0
5597,3
5598,0
5599,0
5600,3
5601,2
5602,0
5603,4
5604,4
5605,0
5606,4
5607,2
5608,2
5609,1
5610,3
5611,1
5612,2
5613,2
5614,0
5615,3
5616,0
5617,0
5618,3
5619,3
5620,0
5621,4
5622,2
5623,2
5624,1
5625,2
5626,0
5627,3
5628,3
5629,0
5630,2
5631,1
5632,1
5633,0
5634,3
5635,1
5636,1
5637,3
5638,4
5639,1
5640,0
5641,4
5642,2
5643,2
5644,4
5645,3
5646,4
5647,3
5648,3
5649,2
5650,4
5651,0
5652,2
5653,4
5654,3
5655,4
5656,4
5657,0
5658,4
5659,4
5660,4
5661,0
5662,1
5663,2
5664,2
5665,1
5666,1
5667,1
5668,4
5669,4
5670,2
5671,0
5672,3
5673,2
5674,0
5675,3
5676,3
5677,3
5678,0
5679,3
5680,3
5681,2
5682,1
5683,1
5684,3
5685,1
5686,0
5687,1
5688,1
5689,2
5690,3
5691,4
5692,3
5693,0
5694,2
5695,3
5696,4
5697,3
5698,1
5699,1
5700,1
5701,3
5702,0
5703,2
5704,4
5705,4
5706,0
5707,3
5708,2
5709,2
5710,4
5711,3
5712,1
5713,0
5714,3
5715,4
5716,4
5717,2
5718,1
5719,2
5720,2
5721,1
5722,1
5723,4
5724,3
5725,2
5726,3
5727,0
5728,0
5729,2
5730,3
5731,0
5732,0
5733,3
5734,3
5735,3
5736,3
5737,3
5738,4
5739,1
5740,4
5741,2
5742,1
5743,4
5744,4
5745,2
5746,3
5747,1
5748,3
5749,2
5750,4
5751,3
5752,4
5753,4
5754,3
5755,3
5756,1
5757,1
5758,3
5759,2
5760,4
5761,0
5762,0
5763,3
5764,2
5765,0
5766,3
5767,0
5768,2
5769,4
5770,3
5771,4
5772,2
5773,4
5774,3
5775,4
5776,4
5777,0
5778,2
5779,2
5780,1
5781,3
5782,2
5783,4
5784,4
5785,3
5786,1
5787,3
5788,4
5789,2
5790,2
5791,2
5792,1
5793,0
5794,1
5795,1
5796,4
5797,0
5798,4
5799,3
5800,1
5801,3
5802,2
5803,3
5804,0
5805,4
5806,0
5807,4
5808,4
5809,1
5810,0
5811,4
5812,0
5813,1
5814,4
5815,3
5816,4
5817,0
5818,0
5819,3
5820,2
5821,2
5822,4
5823,2
5824,4
5825,0
5826,3
5827,0
5828,4
5829,1
5830,2
5831,3
5832,4
5833,2
5834,2
5835,1
5836,4
5837,3
5838,2
5839,1
5840,4
5841,3
5842,2
5843,0
5844,4
5845,0
5846,0
5847,1
5848,2
5849,0
5850,1
5851,2
5852,0
5853,4
5854,2
5855,3
5856,4
5857,2
5858,2
5859,2
5860,2
5861,3
5862,0
5863,0
5864,4
5865,4
5866,0
5867,1
5868,2
5869,0
5870,1
5871,3
5872,0
5873,2
5874,4
5875,2
5876,4
5877,4
5878,2
5879,0
5880,0
5881,3
5882,1
5883,2
5884,2
5885,1
5886,0
5887,0
5888,2
5889,4
5890,0
5891,0
5892,1
5893,2
5894,0
5895,3
5896,3
5897,1
5898,2
5899,1
5900,4
5901,2
5902,1
5903,3
5904,1
5905,1
5906,3
5907,2
5908,0
5909,3
5910,1
5911,2
5912,4
5913,3
5914,2
5915,1
5916,2
5917,4
5918,1
5919,4
5920,0
5921,2
5922,2
5923,2
5924,0
5925,4
5926,2
5927,4
5928,1
5929,4
5930,2
5931,0
5932,4
5933,3
5934,2
5935,1
5936,3
5937,0
5938,1
5939,3
5940,4
5941,4
5942,1
5943,1
5944,4
5945,0
5946,3
5947,3
5948,4
5949,0
5950,1
5951,3
5952,2
5953,4
5954,4
5955,0
5956,4
5957,0
5958,4
5959,1
5960,1
5961,3
5962,4
5963,1
5964,2
5965,1
5966,2
5967,0
5968,2
5969,2
5970,3
5971,4
5972,1
5973,0
5974,4
5975,0
5976,4
5977,2
5978,1
5979,2
5980,0
5981,1
5982,4
5983,3
5984,3
5985,3
5986,2
5987,3
5988,1
5989,1
5990,3
5991,0
5992,4
5993,2
5994,1
5995,0
5996,3
5997,2
5998,0
5999,4
6000,0
6001,4
6002,4
6003,1
6004,0
6005,0
6006,2
6007,3
6008,2
6009,2
6010,4
6011,0
6012,2
6013,4
6014,0
6015,1
6016,2
6017,0
6018,1
6019,0
6020,2
6021,4
6022,0
6023,2
6024,1
6025,4
6026,2
6027,1
6028,1
6029,1
6030,3
6031,2
6032,4
6033,0
6034,2
6035,3
6036,0
6037,3
6038,2
6039,4
6040,0
6041,0
6042,1
6043,1
6044,0
6045,1
6046,4
6047,1
6048,2
6049,2
6050,0
6051,0
6052,3
6053,3
6054,2
6055,2
6056,3
6057,2
6058,3
6059,2
6060,0
6061,2
6062,1
6063,0
6064,2
6065,2
6066,0
6067,1
6068,2
6069,3
6070,1
6071,1
6072,4
6073,3
6074,0
6075,4
6076,1
6077,0
6078,4
6079,1
6080,1
6081,0
6082,0
6083,3
6084,4
6085,4
6086,1
6087,0
6088,4
6089,4
6090,2
6091,3
6092,4
6093,4
6094,0
6095,1
6096,1
6097,3
6098,3
6099,3
6100,4
6101,3
6102,3
6103,0
6104,4
6105,0
6106,3
6107,2
6108,3
6109,4
6110,3
6111,3
6112,1
6113,0
6114,3
6115,4
6116,2
6117,4
6118,2
6119,2
6120,4
6121,4
6122,4
6123,1
6124,3
6125,2
6126,4
6127,1
6128,4
6129,0
6130,2
6131,0
6132,4
6133,0
6134,2
6135,0
6136,3
6137,3
6138,2
6139,4
6140,3
6141,0
6142,2
6143,2
6144,1
6145,3
6146,1
6147,3
6148,4
6149,2
6150,3
6151,4
6152,4
6153,1
6154,2
6155,3
6156,3
6157,4
6158,2
6159,1
6160,4
6161,4
6162,1
6163,0
6164,1
6165,0
6166,1
6167,3
6168,1
6169,0
6170,4
6171,4
6172,1
6173,4
6174,0
6175,0
6176,1
6177,1
6178,1
6179,4
6180,0
6181,4
6182,3
6183,1
6184,0
6185,1
6186,0
6187,4
6188,2
6189,2
6190,2
6191,1
6192,2
6193,1
6194,3
6195,3
6196,0
6197,3
6198,2
6199,3
6200,3
6201,3
6202,2
6203,3
6204,2
6205,4
6206,1
6207,2
6208,4
6209,4
6210,2
6211,2
6212,4
6213,0
6214,0
6215,1
6216,1
6217,4
6218,2
6219,2
6220,0
6221,2
6222,0
6223,0
6224,3
6225,2
6226,4
6227,3
6228,0
6229,3
6230,3
6231,4
6232,3
6233,4
6234,0
6235,1
6236,1
6237,4
6238,1
6239,4
6240,4
6241,1
6242,0
6243,1
6244,3
6245,4
6246,0
6247,3
6248,1
6249,1
6250,4
6251,3
6252,4
6253,0
6254,2
6255,1
6256,2
6257,2
6258,1
6259,1
6260,0
6261,1
6262,0
6263,0
6264,2
6265,1
6266,1
6267,3
6268,4
6269,4
6270,4
6271,3
6272,1
6273,3
6274,3
6275,2
6276,4
6277,1
6278,3
6279,1
6280,1
6281,3
6282,3
6283,1
6284,3
6285,2
6286,1
6287,1
6288,3
6289,0
6290,0
6291,1
6292,1
6293,4
6294,2
6295,3
6296,1
6297,0
6298,4
6299,0
6300,0
6301,1
6302,2
6303,0
6304,2
6305,4
6306,0
6307,1
6308,0
6309,2
6310,2
6311,2
6312,3
6313,2
6314,3
6315,0
6316,4
6317,2
6318,0
6319,3
6320,2
6321,3
6322,3
6323,4
6324,2
6325,0
6326,3
6327,4
6328,3
6329,1
6330,1
6331,3
6332,2
6333,4
6334,0
6335,0
6336,1
6337,0
6338,2
6339,0
6340,3
6341,3
6342,4
6343,2
6344,4
6345,2
6346,3
6347,3
6348,1
6349,1
6350,0
6351,0
6352,3
6353,2
6354,4
6355,0
6356,1
6357,2
6358,0
6359,1
6360,2
6361,3
6362,1
6363,0
6364,4
6365,2
6366,4
6367,1
6368,4
6369,3
6370,1
6371,3
6372,4
6373,1
6374,4
6375,2
6376,2
6377,1
6378,0
6379,3
6380,4
6381,1
6382,4
6383,4
6384,1
6385,3
6386,2
6387,0
6388,4
6389,4
6390,1
6391,1
6392,2
6393,1
6394,1
6395,4
6396,4
6397,3
6398,3
6399,0
6400,2
6401,4
6402,2
6403,0
6404,2
6405,4
6406,4
6407,4
6408,1
6409,1
6410,3
6411,0
6412,1
6413,4
6414,0
6415,2
6416,1
6417,2
6418,2
6419,4
6420,2
6421,2
6422,1
6423,0
6424,0
6425,2
6426,4
6427,0
6428,3
6429,0
6430,4
6431,2
6432,0
6433,3
6434,4
6435,2
6436,2
6437,4
6438,2
6439,4
6440,4
6441,0
6442,1
6443,3
6444,3
6445,4
6446,4
6447,4
6448,4
6449,1
6450,1
6451,0
6452,0
6453,2
6454,1
6455,3
6456,4
6457,4
6458,3
6459,0
6460,3
6461,0
6462,3
6463,2
6464,3
6465,0
6466,0
6467,1
6468,0
6469,2
6470,2
6471,0
6472,4
6473,3
6474,0
6475,4
6476,2
6477,0
6478,0
6479,0
6480,4
6481,3
6482,2
6483,1
6484,3
6485,1
6486,4
6487,2
6488,3
6489,1
6490,1
6491,2
6492,0
6493,4
6494,1
6495,3
6496,3
6497,3
6498,3
6499,3
6500,4
6501,3
6502,4
6503,4
6504,2
6505,3
6506,1
6507,3
6508,3
6509,1
6510,0
6511,3
6512,4
6513,1
6514,1
6515,2
6516,2
6517,0
6518,3
6519,0
6520,2
6521,4
6522,3
6523,3
6524,3
6525,1
6526,2
6527,1
6528,1
6529,2
6530,2
6531,0
6532,3
6533,4
6534,1
6535,3
6536,4
6537,4
6538,0
6539,4
6540,0
6541,0
6542,4
6543,4
6544,3
6545,3
6546,2
6547,4
6548,2
6549,0
6550,2
6551,0
6552,1
6553,3
6554,4
6555,4
6556,4
6557,4
6558,1
6559,1
6560,2
6561,0
6562,3
6563,1
6564,0
6565,0
6566,1
6567,2
6568,0
6569,3
6570,3
6571,3
6572,3
6573,3
6574,1
6575,0
6576,1
6577,1
6578,2
6579,3
6580,0
6581,0
6582,3
6583,4
6584,0
6585,0
6586,2
6587,0
6588,0
6589,4
6590,4
6591,1
6592,3
6593,2
6594,3
6595,2
6596,4
6597,2
6598,2
6599,0
6600,1
6601,0
6602,1
6603,2
6604,3
6605,4
6606,4
6607,2
6608,0
6609,4
6610,0
6611,0
6612,1
6613,3
6614,3
6615,0
6616,4
6617,0
6618,3
6619,4
6620,4
6621,2
6622,1
6623,0
6624,1
6625,0
6626,0
6627,3
6628,3
6629,1
6630,4
6631,1
6632,3
6633,0
6634,1
6635,0
6636,3
6637,0
6638,3
6639,3
6640,2
6641,4
6642,2
6643,1
6644,3
6645,1
6646,1
6647,4
6648,0
6649,3
6650,0
6651,0
6652,3
6653,1
6654,3
6655,0
6656,1
6657,1
6658,0
6659,1
6660,3
6661,2
6662,0
6663,0
6664,2
6665,4
6666,4
6667,0
6668,0
6669,2
6670,1
6671,4
6672,2
6673,1
6674,1
6675,2
6676,2
6677,4
6678,3
6679,3
6680,3
6681,4
6682,1
6683,2
6684,0
6685,0
6686,3
6687,4
6688,1
6689,4
6690,4
6691,4
6692,2
6693,0
6694,2
6695,0
6696,0
6697,2
6698,0
6699,2
6700,4
6701,2
6702,3
6703,1
6704,0
6705,0
6706,2
6707,0
6708,1
6709,0
6710,2
6711,3
6712,0
6713,1
6714,3
6715,2
6716,2
6717,2
6718,1
6719,1
6720,1
6721,2
6722,3
6723,2
6724,1
6725,2
6726,4
6727,3
6728,0
6729,2
6730,3
6731,4
6732,4
6733,4
6734,3
6735,4
6736,4
6737,2
6738,0
6739,1
6740,0
6741,1
6742,4
6743,4
6744,0
6745,3
6746,2
6747,4
6748,3
6749,3
6750,1
6751,0
6752,1
6753,4
6754,2
6755,3
6756,0
6757,0
6758,3
6759,3
6760,2
6761,1
6762,3
6763,3
6764,4
6765,4
6766,4
6767,0
6768,2
6769,2
6770,0
6771,1
6772,1
6773,3
6774,1
6775,2
6776,0
6777,2
6778,0
6779,2
6780,3
6781,0
6782,0
6783,3
6784,0
6785,0
6786,3
6787,1
6788,2
6789,3
6790,4
6791,1
6792,1
6793,4
6794,2
6795,3
6796,4
6797,4
6798,2
6799,0
6800,4
6801,0
6802,0
6803,0
6804,3
6805,0
6806,0
6807,2
6808,3
6809,2
6810,1
6811,1
6812,4
6813,2
6814,1
6815,4
6816,2
6817,3
6818,0
6819,4
6820,2
6821,1
6822,1
6823,0
6824,4
6825,0
6826,0
6827,3
6828,3
6829,2
6830,2
6831,2
6832,4
6833,4
6834,1
6835,0
6836,2
6837,0
6838,1
6839,2
6840,4
6841,4
6842,0
6843,0
6844,0
6845,0
6846,1
6847,0
6848,3
6849,4
6850,0
6851,1
6852,4
6853,2
6854,3
6855,1
6856,4
6857,2
6858,1
6859,2
6860,3
6861,2
6862,1
6863,1
6864,0
6865,0
6866,4
6867,4
6868,3
6869,2
6870,0
6871,0
6872,2
6873,1
6874,4
6875,2
6876,1
6877,3
6878,4
6879,4
6880,1
6881,0
6882,0
6883,4
6884,2
6885,0
6886,4
6887,1
6888,3
6889,3
6890,1
6891,2
6892,4
6893,1
6894,2
6895,3
6896,3
6897,0
6898,2
6899,1
6900,3
6901,3
6902,0
6903,4
6904,4
6905,2
6906,3
6907,3
6908,4
6909,2
6910,3
6911,1
6912,1
6913,0
6914,0
6915,4
6916,0
6917,0
6918,2
6919,1
6920,4
6921,1
6922,1
6923,2
6924,4
6925,2
6926,4
6927,0
6928,2
6929,0
6930,2
6931,0
6932,4
6933,1
6934,4
6935,2
6936,3
6937,3
6938,0
6939,1
6940,1
6941,3
6942,4
6943,4
6944,0
6945,1
6946,1
6947,4
6948,4
6949,2
6950,0
6951,0
6952,2
6953,1
6954,3
6955,0
6956,0
6957,4
6958,0
6959,0
6960,2
6961,2
6962,3
6963,2
6964,0
6965,2
6966,0
6967,0
6968,1
6969,3
6970,4
6971,0
6972,4
6973,1
6974,3
6975,1
6976,2
6977,3
6978,2
6979,0
6980,0
6981,2
6982,3
6983,2
6984,1
6985,4
6986,0
6987,2
6988,3
6989,1
6990,0
6991,3
6992,1
6993,2
6994,0
6995,3
6996,0
6997,4
6998,3
6999,0
7000,0
7001,2
7002,4
7003,4
7004,0
7005,3
7006,3
7007,4
7008,4
7009,3
7010,2
7011,2
7012,4
7013,0
7014,1
7015,2
7016,3
7017,4
7018,1
7019,2
7020,2
7021,0
7022,3
7023,4
7024,3
7025,3
7026,3
7027,0
7028,2
7029,0
7030,0
7031,1
7032,3
7033,2
7034,1
7035,2
7036,2
7037,1
7038,3
7039,1
7040,2
7041,1
7042,4
7043,0
7044,3
7045,0
7046,1
7047,1
7048,0
7049,4
7050,3
7051,2
7052,1
7053,2
7054,3
7055,1
7056,0
7057,4
7058,1
7059,2
7060,4
7061,0
7062,0
7063,3
7064,0
7065,4
7066,3
7067,3
7068,0
7069,4
7070,1
7071,1
7072,1
7073,2
7074,3
7075,1
7076,0
7077,1
7078,4
7079,1
7080,0
7081,3
7082,0
7083,1
7084,1
7085,3
7086,2
7087,0
7088,0
7089,4
7090,4
7091,4
7092,1
7093,1
7094,2
7095,1
7096,2
7097,2
7098,3
7099,1
7100,3
7101,4
7102,1
7103,3
7104,1
7105,0
7106,2
7107,1
7108,1
7109,3
7110,3
7111,0
7112,2
7113,3
7114,4
7115,2
7116,1
7117,3
7118,4
7119,2
7120,1
7121,1
7122,0
7123,2
7124,4
7125,1
7126,1
7127,4
7128,2
7129,3
7130,3
7131,2
7132,2
7133,2
7134,2
7135,4
7136,4
7137,4
7138,4
7139,0
7140,4
7141,2
7142,3
7143,2
7144,4
7145,0
7146,0
7147,0
7148,2
7149,1
7150,4
7151,3
7152,0
7153,3
7154,2
7155,2
7156,1
7157,0
7158,4
7159,3
7160,3
7161,4
7162,1
7163,2
7164,2
7165,1
7166,1
7167,0
7168,1
7169,2
7170,4
7171,1
7172,1
7173,1
7174,4
7175,4
7176,3
7177,0
7178,4
7179,4
7180,1
7181,0
7182,1
7183,1
7184,3
7185,1
7186,3
7187,1
7188,1
7189,2
7190,0
7191,1
7192,3
7193,0
7194,4
7195,4
7196,1
7197,2
7198,3
7199,2
7200,1
7201,2
7202,0
7203,1
7204,1
7205,0
7206,3
7207,0
7208,4
7209,3
7210,4
7211,0
7212,3
7213,2
7214,3
7215,1
7216,3
7217,2
7218,2
7219,0
7220,0
7221,4
7222,2
7223,0
7224,2
7225,0
7226,2
7227,1
7228,1
7229,2
7230,4
7231,4
7232,2
7233,2
7234,1
7235,2
7236,2
7237,3
7238,0
7239,1
7240,4
7241,1
7242,1
7243,3
7244,4
7245,0
7246,2
7247,0
7248,4
7249,0
7250,4
7251,1
7252,3
7253,2
7254,2
7255,3
7256,1
7257,2
7258,0
7259,3
7260,0
7261,1
7262,1
7263,2
7264,2
7265,3
7266,2
7267,1
7268,1
7269,3
7270,1
7271,3
7272,2
7273,1
7274,4
7275,2
7276,1
7277,3
7278,0
7279,3
7280,0
7281,3
7282,1
7283,1
7284,3
7285,3
7286,1
7287,4
7288,3
7289,4
7290,4
7291,4
7292,3
7293,2
7294,1
7295,1
7296,0
7297,2
7298,0
7299,2
7300,3
7301,1
7302,0
7303,4
7304,3
7305,0
7306,0
7307,4
7308,0
7309,3
7310,2
7311,0
7312,1
7313,4
7314,3
7315,2
7316,0
7317,2
7318,1
7319,1
7320,3
7321,3
7322,1
7323,4
7324,1
7325,3
7326,0
7327,3
7328,4
7329,3
7330,2
7331,1
7332,3
7333,4
7334,1
7335,0
7336,0
7337,4
7338,4
7339,0
7340,0
7341,0
7342,0
7343,2
7344,2
7345,0
7346,0
7347,1
7348,1
7349,2
7350,4
7351,2
7352,3
7353,3
7354,2
7355,0
7356,4
7357,3
7358,0
7359,0
7360,3
7361,4
7362,1
7363,0
7364,0
7365,2
7366,3
7367,2
7368,3
7369,0
7370,3
7371,2
7372,2
7373,3
7374,1
7375,3
7376,3
7377,0
7378,2
7379,0
7380,0
7381,4
7382,3
7383,2
7384,3
7385,3
7386,0
7387,0
7388,1
7389,0
7390,4
7391,3
7392,4
7393,4
7394,3
7395,0
7396,0
7397,0
7398,4
7399,4
7400,1
7401,4
7402,1
7403,0
7404,3
7405,3
7406,3
7407,3
7408,1
7409,3
7410,0
7411,3
7412,4
7413,4
7414,0
7415,0
7416,3
7417,2
7418,0
7419,2
7420,3
7421,3
7422,2
7423,2
7424,2
7425,1
7426,1
7427,0
7428,2
7429,1
7430,2
7431,3
7432,3
7433,1
7434,2
7435,4
7436,0
7437,0
7438,4
7439,2
7440,0
7441,2
7442,4
7443,2
7444,0
7445,4
7446,3
7447,4
7448,4
7449,0
7450,0
7451,2
7452,1
7453,3
7454,0
7455,1
7456,4
7457,4
7458,2
7459,2
7460,0
7461,4
7462,0
7463,4
7464,0
7465,4
7466,2
7467,4
7468,2
7469,1
7470,4
7471,0
7472,1
7473,0
7474,1
7475,1
7476,2
7477,4
7478,4
7479,1
7480,2
7481,3
7482,0
7483,3
7484,1
7485,0
7486,3
7487,0
7488,1
7489,4
7490,0
7491,4
7492,2
7493,0
7494,2
7495,0
7496,1
7497,0
7498,4
7499,0
7500,0
7501,1
7502,2
7503,2
7504,0
7505,3
7506,0
7507,2
7508,2
7509,0
7510,4
7511,1
7512,0
7513,3
7514,2
7515,4
7516,1
7517,2
7518,0
7519,0
7520,3
7521,0
7522,0
7523,2
7524,2
7525,3
7526,0
7527,3
7528,3
7529,0
7530,0
7531,3
7532,3
7533,1
7534,3
7535,3
7536,2
7537,1
7538,2
7539,4
7540,2
7541,3
7542,3
7543,3
7544,2
7545,2
7546,3
7547,3
7548,1
7549,3
7550,3
7551,3
7552,0
7553,4
7554,0
7555,0
7556,2
7557,3
7558,2
7559,1
7560,0
7561,0
7562,0
7563,2
7564,2
7565,3
7566,2
7567,0
7568,4
7569,2
7570,2
7571,3
7572,3
7573,2
7574,3
7575,0
7576,3
7577,2
7578,1
7579,4
7580,2
7581,4
7582,4
7583,0
7584,4
7585,3
7586,3
7587,4
7588,2
7589,2
7590,1
7591,2
7592,3
7593,3
7594,0
7595,2
7596,0
7597,1
7598,1
7599,3
7600,0
7601,3
7602,2
7603,0
7604,0
7605,1
7606,3
7607,4
7608,4
7609,0
7610,3
7611,2
7612,1
7613,3
7614,1
7615,4
7616,0
7617,0
7618,3
7619,3
7620,1
7621,4
7622,4
7623,1
7624,4
7625,1
7626,4
7627,3
7628,2
7629,1
7630,0
7631,4
7632,3
7633,3
7634,2
7635,0
7636,4
7637,2
7638,3
7639,2
7640,2
7641,1
7642,0
7643,0
7644,2
7645,0
7646,0
7647,1
7648,3
7649,2
7650,0
7651,0
7652,1
7653,0
7654,3
7655,3
7656,1
7657,0
7658,0
7659,2
7660,4
7661,4
7662,3
7663,3
7664,3
7665,2
7666,4
7667,1
7668,2
7669,0
7670,4
7671,1
7672,4
7673,4
7674,0
7675,0
7676,4
7677,0
7678,0
7679,1
7680,3
7681,1
7682,2
7683,0
7684,2
7685,0
7686,1
7687,3
7688,1
7689,3
7690,3
7691,0
7692,4
7693,4
7694,1
7695,0
7696,3
7697,1
7698,4
7699,0
7700,0
7701,2
7702,0
7703,2
7704,1
7705,3
7706,4
7707,3
7708,2
7709,0
7710,3
7711,3
7712,0
7713,0
7714,4
7715,1
7716,1
7717,1
7718,3
7719,0
7720,1
7721,1
7722,3
7723,4
7724,4
7725,2
7726,4
7727,3
7728,3
7729,3
7730,2
7731,4
7732,3
7733,4
7734,3
7735,2
7736,3
7737,3
7738,3
7739,2
7740,0
7741,4
7742,4
7743,1
7744,0
7745,4
7746,4
7747,3
7748,2
7749,4
7750,4
7751,4
7752,1
7753,3
7754,0
7755,0
7756,0
7757,2
7758,0
7759,4
7760,2
7761,1
7762,2
7763,0
7764,1
7765,3
7766,0
7767,0
7768,4
7769,2
7770,3
7771,4
7772,2
7773,0
7774,0
7775,1
7776,0
7777,0
7778,2
7779,2
7780,1
7781,2
7782,3
7783,2
7784,0
7785,0
7786,0
7787,1
7788,3
7789,2
7790,0
7791,3
7792,1
7793,0
7794,1
7795,0
7796,4
7797,4
7798,4
7799,4
7800,1
7801,4
7802,4
7803,4
7804,2
7805,3
7806,1
7807,1
7808,2
7809,0
7810,2
7811,0
7812,3
7813,4
7814,1
7815,2
7816,0
7817,0
7818,0
7819,0
7820,0
7821,2
7822,3
7823,3
7824,1
7825,3
7826,4
7827,0
7828,4
7829,1
7830,3
7831,2
7832,3
7833,4
7834,0
7835,0
7836,0
7837,4
7838,2
7839,0
7840,1
7841,4
7842,2
7843,3
7844,3
7845,2
7846,0
7847,2
7848,2
7849,1
7850,1
7851,0
7852,1
7853,4
7854,2
7855,1
7856,4
7857,4
7858,3
7859,0
7860,4
7861,1
7862,2
7863,4
7864,4
7865,2
7866,3
7867,0
7868,4
7869,2
7870,1
7871,3
7872,4
7873,3
7874,1
7875,4
7876,1
7877,2
7878,3
7879,1
7880,0
7881,2
7882,4
7883,1
7884,4
7885,0
7886,3
7887,0
7888,1
7889,0
7890,3
7891,2
7892,2
7893,1
7894,1
7895,2
7896,1
7897,2
7898,3
7899,4
7900,4
7901,1
7902,4
7903,1
7904,3
7905,0
7906,3
7907,0
7908,0
7909,2
7910,2
7911,3
7912,4
7913,4
7914,1
7915,1
7916,0
7917,1
7918,1
7919,1
7920,4
7921,2
7922,1
7923,0
7924,4
7925,2
7926,0
7927,1
7928,3
7929,4
7930,1
7931,3
7932,4
7933,2
7934,3
7935,0
7936,1
7937,3
7938,2
7939,2
7940,3
7941,4
7942,4
7943,3
7944,4
7945,4
7946,3
7947,1
7948,1
7949,0
7950,4
7951,0
7952,1
7953,1
7954,4
7955,3
7956,2
7957,3
7958,2
7959,0
7960,1
7961,1
7962,1
7963,0
7964,1
7965,3
7966,1
7967,4
7968,4
7969,0
7970,4
7971,2
7972,1
7973,4
7974,1
7975,2
7976,2
7977,3
7978,4
7979,1
7980,1
7981,2
7982,2
7983,3
7984,2
7985,4
7986,2
7987,2
7988,0
7989,1
7990,1
7991,0
7992,2
7993,2
7994,3
7995,1
7996,0
7997,3
7998,4
7999,0
8000,3
8001,4
8002,2
8003,2
8004,3
8005,0
8006,3
8007,3
8008,3
8009,0
8010,3
8011,2
8012,4
8013,1
8014,1
8015,4
8016,2
8017,1
8018,0
8019,2
8020,2
8021,4
8022,0
8023,2
8024,4
8025,0
8026,3
8027,0
8028,2
8029,1
8030,0
8031,2
8032,1
8033,3
8034,0
8035,3
8036,4
8037,0
8038,2
8039,0
8040,3
8041,1
8042,2
8043,4
8044,1
8045,0
8046,2
8047,2
8048,1
8049,3
8050,2
8051,0
8052,3
8053,0
8054,2
8055,1
8056,1
8057,4
8058,1
8059,1
8060,1
8061,1
8062,1
8063,3
8064,2
8065,2
8066,0
8067,2
8068,0
8069,2
8070,1
8071,3
8072,4
8073,4
8074,0
8075,0
8076,3
8077,1
8078,1
8079,1
8080,2
8081,0
8082,2
8083,1
8084,0
8085,3
8086,3
8087,0
8088,0
8089,3
8090,3
8091,4
8092,4
8093,1
8094,4
8095,3
8096,1
8097,1
8098,0
8099,1
8100,2
8101,0
8102,3
8103,2
8104,0
8105,2
8106,0
8107,0
8108,4
8109,3
8110,1
8111,2
8112,0
8113,3
8114,1
8115,3
8116,0
8117,0
8118,2
8119,1
8120,1
8121,2
8122,4
8123,2
8124,0
8125,2
8126,1
8127,4
8128,1
8129,0
8130,2
8131,0
8132,1
8133,3
8134,0
8135,1
8136,0
8137,4
8138,1
8139,1
8140,4
8141,2
8142,0
8143,4
8144,0
8145,0
8146,3
8147,1
8148,3
8149,4
8150,3
8151,0
8152,2
8153,3
8154,3
8155,2
8156,4
8157,0
8158,3
8159,1
8160,0
8161,2
8162,3
8163,2
8164,3
8165,3
8166,2
8167,1
8168,1
8169,1
8170,1
8171,1
8172,0
8173,3
8174,4
8175,1
8176,2
8177,4
8178,0
8179,4
8180,0
8181,2
8182,3
8183,4
8184,3
8185,4
8186,1
8187,2
8188,2
8189,2
8190,3
8191,4
8192,4
8193,4
8194,2
8195,0
8196,1
8197,3
8198,4
8199,3
8200,0
8201,3
8202,1
8203,4
8204,3
8205,3
8206,0
8207,3
8208,2
8209,2
8210,0
8211,0
8212,3
8213,0
8214,4
8215,4
8216,3
8217,0
8218,2
8219,4
8220,4
8221,0
8222,2
8223,3
8224,0
8225,0
8226,2
8227,3
8228,3
8229,4
8230,3
8231,4
8232,2
8233,0
8234,1
8235,3
8236,3
8237,0
8238,0
8239,2
8240,2
8241,1
8242,2
8243,3
8244,2
8245,1
8246,1
8247,2
8248,1
8249,2
8250,2
8251,4
8252,1
8253,4
8254,1
8255,4
8256,3
8257,3
8258,1
8259,1
8260,0
8261,3
8262,3
8263,0
8264,1
8265,3
8266,1
8267,3
8268,3
8269,0
8270,0
8271,0
8272,1
8273,1
8274,4
8275,2
8276,3
8277,0
8278,0
8279,4
8280,0
8281,4
8282,3
8283,3
8284,3
8285,0
8286,4
8287,0
8288,0
8289,0
8290,3
8291,1
8292,4
8293,3
8294,2
8295,2
8296,0
8297,0
8298,3
8299,0
8300,4
8301,4
8302,1
8303,1
8304,1
8305,0
8306,2
8307,0
8308,1
8309,3
8310,1
8311,1
8312,4
8313,2
8314,3
8315,3
8316,2
8317,4
8318,0
8319,2
8320,3
8321,0
8322,0
8323,4
8324,4
8325,0
8326,3
8327,3
8328,1
8329,4
8330,4
8331,4
8332,4
8333,3
8334,1
8335,2
8336,4
8337,4
8338,2
8339,2
8340,2
8341,4
8342,0
8343,1
8344,0
8345,3
8346,2
8347,2
8348,1
8349,0
8350,2
8351,0
8352,1
8353,0
8354,1
8355,0
8356,2
8357,2
8358,3
8359,4
8360,2
8361,3
8362,3
8363,0
8364,1
8365,1
8366,1
8367,2
8368,1
8369,2
8370,0
8371,1
8372,3
8373,0
8374,3
8375,2
8376,2
8377,2
8378,2
8379,4
8380,3
8381,1
8382,1
8383,3
8384,2
8385,1
8386,4
8387,4
8388,1
8389,2
8390,0
8391,0
8392,1
8393,0
8394,1
8395,2
8396,2
8397,4
8398,4
8399,0
8400,2
8401,3
8402,3
8403,1
8404,3
8405,1
8406,2
8407,3
8408,0
8409,4
8410,0
8411,3
8412,2
8413,3
8414,3
8415,0
8416,0
8417,1
8418,1
8419,4
8420,4
8421,2
8422,0
8423,0
8424,3
8425,1
8426,3
8427,1
8428,2
8429,4
8430,2
8431,4
8432,2
8433,0
8434,2
8435,0
8436,4
8437,3
8438,0
8439,4
8440,1
8441,4
8442,3
8443,2
8444,1
8445,4
8446,3
8447,4
8448,0
8449,2
8450,0
8451,3
8452,1
8453,2
8454,0
8455,4
8456,4
8457,3
8458,1
8459,3
8460,4
8461,1
8462,3
8463,3
8464,3
8465,0
8466,0
8467,2
8468,1
8469,0
8470,3
8471,1
8472,4
8473,3
8474,4
8475,0
8476,0
8477,0
8478,3
8479,0
8480,4
8481,0
8482,4
8483,1
8484,4
8485,4
8486,1
8487,2
8488,4
8489,0
8490,2
8491,3
8492,1
8493,0
8494,3
8495,4
8496,2
8497,2
8498,4
8499,0
8500,4
8501,0
8502,0
8503,1
8504,1
8505,0
8506,3
8507,4
8508,4
8509,3
8510,4
8511,1
8512,1
8513,0
8514,4
8515,1
8516,1
8517,2
8518,2
8519,2
8520,1
8521,0
8522,0
8523,3
8524,4
8525,3
8526,2
8527,3
8528,1
8529,3
8530,4
8531,1
8532,3
8533,4
8534,1
8535,2
8536,3
8537,4
8538,2
8539,3
8540,0
8541,2
8542,4
8543,3
8544,2
8545,4
8546,3
8547,4
8548,3
8549,1
8550,2
8551,0
8552,1
8553,0
8554,0
8555,3
8556,0
8557,3
8558,1
8559,4
8560,4
8561,4
8562,2
8563,3
8564,0
8565,0
8566,2
8567,1
8568,1
8569,0
8570,4
8571,0
8572,3
8573,1
8574,0
8575,1
8576,0
8577,2
8578,3
8579,4
8580,0
8581,2
8582,2
8583,2
8584,3
8585,1
8586,4
8587,4
8588,2
8589,0
8590,3
8591,0
8592,1
8593,0
8594,0
8595,2
8596,4
8597,3
8598,4
8599,1
8600,0
8601,0
8602,4
8603,1
8604,4
8605,1
8606,0
8607,0
8608,3
8609,1
8610,4
8611,4
8612,0
8613,4
8614,4
8615,1
8616,4
8617,4
8618,4
8619,1
8620,2
8621,0
8622,4
8623,0
8624,2
8625,4
8626,0
8627,1
8628,2
8629,0
8630,2
8631,4
8632,2
8633,2
8634,2
8635,3
8636,0
8637,1
8638,1
8639,4
8640,4
8641,4
8642,1
8643,0
8644,4
8645,4
8646,2
8647,1
8648,0
8649,0
8650,3
8651,3
8652,4
8653,0
8654,1
8655,2
8656,0
8657,1
8658,0
8659,1
8660,0
8661,4
8662,2
8663,1
8664,0
8665,3
8666,3
8667,3
8668,2
8669,0
8670,4
8671,3
8672,0
8673,1
8674,3
8675,3
8676,1
8677,3
8678,2
8679,0
8680,2
8681,3
8682,3
8683,0
8684,2
8685,3
8686,3
8687,0
8688,1
8689,1
8690,4
8691,2
8692,0
8693,1
8694,1
8695,3
8696,2
8697,2
8698,4
8699,3
8700,1
8701,4
8702,0
8703,4
8704,3
8705,2
8706,2
8707,0
8708,2
8709,4
8710,1
8711,2
8712,4
8713,0
8714,1
8715,4
8716,0
8717,4
8718,4
8719,1
8720,2
8721,1
8722,2
8723,2
8724,1
8725,1
8726,1
8727,4
8728,2
8729,0
8730,2
8731,1
8732,3
8733,2
8734,1
8735,2
8736,0
8737,4
8738,4
8739,1
8740,2
8741,0
8742,4
8743,3
8744,1
8745,1
8746,3
8747,4
8748,2
8749,2
8750,0
8751,0
8752,2
8753,2
8754,2
8755,4
8756,1
8757,0
8758,3
8759,0
8760,1
8761,0
8762,0
8763,1
8764,3
8765,0
8766,4
8767,0
8768,4
8769,1
8770,2
8771,0
8772,1
8773,3
8774,0
8775,2
8776,2
8777,3
8778,3
8779,4
8780,2
8781,4
8782,2
8783,3
8784,4
8785,4
8786,2
8787,0
8788,3
8789,1
8790,4
8791,3
8792,3
8793,4
8794,0
8795,0
8796,2
8797,3
8798,1
8799,4
8800,2
8801,1
8802,1
8803,4
8804,2
8805,0
8806,3
8807,1
8808,3
8809,4
8810,4
8811,3
8812,2
8813,2
8814,2
8815,0
8816,0
8817,1
8818,3
8819,4
8820,3
8821,0
8822,3
8823,0
8824,4
8825,0
8826,0
8827,3
8828,0
8829,3
8830,3
8831,3
8832,3
8833,1
8834,4
8835,3
8836,0
8837,4
8838,4
8839,4
8840,1
8841,0
8842,3
8843,1
8844,2
8845,4
8846,0
8847,4
8848,1
8849,0
8850,0
8851,0
8852,4
8853,0
8854,0
8855,3
8856,0
8857,3
8858,4
8859,1
8860,2
8861,2
8862,0
8863,4
8864,4
8865,3
8866,2
8867,0
8868,3
8869,1
8870,2
8871,4
8872,4
8873,0
8874,4
8875,3
8876,0
8877,2
8878,4
8879,3
8880,3
8881,0
8882,4
8883,3
8884,2
8885,2
8886,3
8887,1
8888,4
8889,2
8890,2
8891,2
8892,2
8893,1
8894,2
8895,2
8896,4
8897,1
8898,2
8899,4
8900,2
8901,1
8902,0
8903,0
8904,3
8905,1
8906,2
8907,2
8908,3
8909,1
8910,0
8911,1
8912,3
8913,2
8914,4
8915,1
8916,4
8917,3
8918,0
8919,4
8920,2
8921,1
8922,3
8923,1
8924,4
8925,1
8926,1
8927,4
8928,1
8929,3
8930,0
8931,3
8932,4
8933,2
8934,0
8935,1
8936,3
8937,3
8938,0
8939,1
8940,2
8941,0
8942,2
8943,2
8944,4
8945,3
8946,2
8947,1
8948,0
8949,1
8950,0
8951,4
8952,2
8953,1
8954,2
8955,0
8956,3
8957,2
8958,3
8959,4
8960,0
8961,1
8962,0
8963,3
8964,3
8965,2
8966,2
8967,4
8968,2
8969,2
8970,4
8971,1
8972,3
8973,4
8974,1
8975,4
8976,4
8977,4
8978,4
8979,2
8980,1
8981,3
8982,1
8983,4
8984,2
8985,3
8986,3
8987,3
8988,1
8989,4
8990,3
8991,4
8992,3
8993,3
8994,2
8995,1
8996,2
8997,1
8998,4
8999,2
9000,0
9001,2
9002,2
9003,2
9004,3
9005,0
9006,2
9007,0
9008,4
9009,0
9010,0
9011,3
9012,0
9013,3
9014,0
9015,3
9016,2
9017,3
9018,1
9019,1
9020,1
9021,0
9022,1
9023,1
9024,2
9025,1
9026,0
9027,4
9028,3
9029,4
9030,4
9031,3
9032,2
9033,2
9034,3
9035,1
9036,1
9037,2
9038,4
9039,2
9040,3
9041,1
9042,4
9043,2
9044,0
9045,0
9046,3
9047,2
9048,3
9049,4
9050,2
9051,3
9052,1
9053,1
9054,1
9055,4
9056,0
9057,1
9058,1
9059,2
9060,1
9061,3
9062,4
9063,2
9064,4
9065,4
9066,3
9067,1
9068,4
9069,3
9070,3
9071,4
9072,4
9073,1
9074,2
9075,0
9076,1
9077,2
9078,3
9079,4
9080,2
9081,4
9082,1
9083,3
9084,1
9085,0
9086,2
9087,0
9088,0
9089,3
9090,2
9091,0
9092,2
9093,4
9094,3
9095,3
9096,3
9097,0
9098,0
9099,2
9100,0
9101,0
9102,2
9103,4
9104,2
9105,3
9106,4
9107,2
9108,1
9109,4
9110,3
9111,2
9112,1
9113,2
9114,1
9115,4
9116,4
9117,0
9118,4
9119,2
9120,3
9121,0
9122,1
9123,4
9124,1
9125,2
9126,2
9127,4
9128,2
9129,1
9130,3
9131,1
9132,2
9133,4
9134,3
9135,1
9136,0
9137,2
9138,4
9139,4
9140,2
9141,0
9142,1
9143,2
9144,2
9145,3
9146,1
9147,1
9148,1
9149,0
9150,1
9151,1
9152,0
9153,1
9154,0
9155,1
9156,4
9157,3
9158,3
9159,1
9160,4
9161,0
9162,1
9163,0
9164,1
9165,3
9166,2
9167,3
9168,3
9169,3
9170,0
9171,2
9172,1
9173,0
9174,4
9175,3
9176,1
9177,1
9178,3
9179,1
9180,3
9181,0
9182,2
9183,2
9184,0
9185,4
9186,0
9187,4
9188,2
9189,4
9190,1
9191,0
9192,4
9193,3
9194,4
9195,4
9196,2
9197,3
9198,2
9199,2
9200,1
9201,1
9202,2
9203,4
9204,2
9205,2
9206,1
9207,1
9208,1
9209,1
9210,4
9211,2
9212,4
9213,4
9214,3
9215,0
9216,4
9217,2
9218,4
9219,3
9220,1
9221,0
9222,2
9223,3
9224,2
9225,3
9226,4
9227,3
9228,0
9229,3
9230,2
9231,4
9232,2
9233,0
9234,3
9235,0
9236,0
9237,0
9238,2
9239,0
9240,2
9241,4
9242,3
9243,2
9244,1
9245,0
9246,4
9247,0
9248,2
9249,0
9250,4
9251,0
9252,4
9253,4
9254,3
9255,0
9256,3
9257,1
9258,2
9259,2
9260,0
9261,4
9262,0
9263,2
9264,1
9265,1
9266,0
9267,2
9268,1
9269,0
9270,0
9271,0
9272,2
9273,1
9274,2
9275,0
9276,3
9277,4
9278,0
9279,3
9280,2
9281,4
9282,1
9283,0
9284,4
9285,1
9286,3
9287,4
9288,0
9289,0
9290,1
9291,3
9292,0
9293,0
9294,2
9295,2
9296,3
9297,2
9298,4
9299,0
9300,2
9301,1
9302,0
9303,3
9304,0
9305,2
9306,2
9307,3
9308,4
9309,0
9310,4
9311,1
9312,0
9313,0
9314,1
9315,4
9316,1
9317,1
9318,0
9319,4
9320,0
9321,1
9322,2
9323,1
9324,1
9325,3
9326,0
9327,0
9328,1
9329,0
9330,0
9331,0
9332,1
9333,4
9334,2
9335,4
9336,4
9337,4
9338,4
9339,2
9340,1
9341,4
9342,1
9343,2
9344,4
9345,1
9346,2
9347,4
9348,0
9349,4
9350,0
9351,3
9352,0
9353,4
9354,2
9355,1
9356,4
9357,1
9358,2
9359,3
9360,3
9361,3
9362,0
9363,1
9364,3
9365,2
9366,0
9367,0
9368,2
9369,0
9370,1
9371,2
9372,4
9373,0
9374,0
9375,2
9376,1
9377,1
9378,0
9379,4
9380,1
9381,0
9382,2
9383,4
9384,2
9385,1
9386,3
9387,0
9388,2
9389,1
9390,4
9391,4
9392,4
9393,1
9394,1
9395,1
9396,1
9397,0
9398,0
9399,1
9400,1
9401,2
9402,4
9403,2
9404,1
9405,0
9406,0
9407,1
9408,3
9409,2
9410,4
9411,0
9412,1
9413,2
9414,2
9415,4
9416,0
9417,3
9418,2
9419,0
9420,4
9421,0
9422,1
9423,2
9424,4
9425,4
9426,1
9427,1
9428,2
9429,1
9430,1
9431,1
9432,2
9433,1
9434,0
9435,0
9436,3
9437,1
9438,2
9439,2
9440,1
9441,0
9442,0
9443,3
9444,0
9445,4
9446,4
9447,2
9448,3
9449,1
9450,3
9451,3
9452,4
9453,0
9454,0
9455,2
9456,0
9457,4
9458,2
9459,4
9460,3
9461,4
9462,3
9463,4
9464,3
9465,1
9466,4
9467,0
9468,0
9469,2
9470,2
9471,2
9472,2
9473,2
9474,3
9475,4
9476,3
9477,2
9478,4
9479,0
9480,4
9481,4
9482,0
9483,1
9484,2
9485,2
9486,1
9487,2
9488,1
9489,0
9490,2
9491,0
9492,1
9493,2
9494,3
9495,2
9496,3
9497,3
9498,2
9499,1
9500,4
9501,0
9502,3
9503,0
9504,3
9505,0
9506,2
9507,2
9508,2
9509,2
9510,3
9511,2
9512,2
9513,3
9514,2
9515,4
9516,2
9517,3
9518,1
9519,1
9520,3
9521,4
9522,0
9523,0
9524,2
9525,2
9526,3
9527,2
9528,0
9529,0
9530,2
9531,1
9532,1
9533,2
9534,1
9535,1
9536,3
9537,0
9538,1
9539,2
9540,4
9541,2
9542,4
9543,1
9544,0
9545,3
9546,3
9547,0
9548,3
9549,1
9550,0
9551,0
9552,2
9553,0
9554,0
9555,2
9556,2
9557,4
9558,2
9559,1
9560,3
9561,1
9562,0
9563,3
9564,4
9565,0
9566,0
9567,0
9568,2
9569,1
9570,1
9571,4
9572,0
9573,2
9574,4
9575,3
9576,4
9577,1
9578,3
9579,4
9580,2
9581,2
9582,2
9583,1
9584,4
9585,3
9586,3
9587,4
9588,1
9589,1
9590,4
9591,1
9592,2
9593,3
9594,4
9595,3
9596,4
9597,2
9598,1
9599,2
9600,3
9601,2
9602,2
9603,3
9604,4
9605,3
9606,4
9607,1
9608,1
9609,1
9610,0
9611,1
9612,0
9613,2
9614,3
9615,4
9616,3
9617,0
9618,2
9619,3
9620,2
9621,3
9622,1
9623,4
9624,3
9625,3
9626,2
9627,4
9628,3
9629,0
9630,4
9631,4
9632,0
9633,2
9634,2
9635,0
9636,0
9637,4
9638,3
9639,0
9640,0
9641,2
9642,0
9643,0
9644,1
9645,4
9646,4
9647,3
9648,3
9649,2
9650,0
9651,2
9652,0
9653,3
9654,3
9655,3
9656,0
9657,0
9658,3
9659,0
9660,1
9661,4
9662,4
9663,3
9664,3
9665,4
9666,4
9667,2
9668,4
9669,1
9670,1
9671,1
9672,4
9673,3
9674,0
9675,0
9676,3
9677,1
9678,2
9679,3
9680,2
9681,4
9682,3
9683,1
9684,4
9685,1
9686,3
9687,4
9688,2
9689,4
9690,1
9691,2
9692,2
9693,4
9694,1
9695,4
9696,2
9697,2
9698,1
9699,3
9700,0
9701,0
9702,3
9703,2
9704,0
9705,4
9706,2
9707,1
9708,1
9709,0
9710,3
9711,2
9712,1
9713,1
9714,0
9715,0
9716,0
9717,2
9718,3
9719,1
9720,0
9721,0
9722,3
9723,3
9724,4
9725,2
9726,0
9727,1
9728,3
9729,2
9730,4
9731,3
9732,3
9733,2
9734,4
9735,2
9736,3
9737,3
9738,3
9739,3
9740,1
9741,0
9742,0
9743,3
9744,4
9745,4
9746,2
9747,2
9748,1
9749,1
9750,4
9751,2
9752,2
9753,4
9754,1
9755,0
9756,4
9757,2
9758,2
9759,4
9760,0
9761,2
9762,0
9763,2
9764,4
9765,2
9766,3
9767,0
9768,4
9769,0
9770,1
9771,1
9772,1
9773,0
9774,3
9775,1
9776,2
9777,1
9778,2
9779,0
9780,3
9781,4
9782,1
9783,2
9784,2
9785,2
9786,3
9787,1
9788,4
9789,1
9790,0
9791,2
9792,0
9793,2
9794,2
9795,3
9796,0
9797,1
9798,1
9799,0
9800,2
9801,4
9802,2
9803,2
9804,0
9805,1
9806,1
9807,2
9808,2
9809,0
9810,4
9811,2
9812,3
9813,4
9814,0
9815,3
9816,2
9817,2
9818,4
9819,3
9820,1
9821,4
9822,3
9823,2
9824,2
9825,2
9826,4
9827,0
9828,3
9829,2
9830,1
9831,4
9832,2
9833,3
9834,1
9835,4
9836,1
9837,3
9838,0
9839,0
9840,3
9841,0
9842,2
9843,3
9844,2
9845,0
9846,1
9847,4
9848,3
9849,0
9850,2
9851,2
9852,3
9853,2
9854,2
9855,1
9856,0
9857,1
9858,1
9859,2
9860,4
9861,4
9862,0
9863,3
9864,2
9865,1
9866,2
9867,1
9868,1
9869,4
9870,2
9871,1
9872,0
9873,1
9874,3
9875,3
9876,3
9877,0
9878,1
9879,3
9880,3
9881,4
9882,2
9883,2
9884,4
9885,1
9886,4
9887,4
9888,4
9889,2
9890,4
9891,3
9892,0
9893,4
9894,2
9895,3
9896,4
9897,2
9898,0
9899,1
9900,2
9901,0
9902,4
9903,2
9904,3
9905,1
9906,1
9907,2
9908,2
9909,3
9910,1
9911,2
9912,0
9913,0
9914,0
9915,3
9916,4
9917,2
9918,1
9919,1
9920,4
9921,3
9922,0
9923,3
9924,1
9925,0
9926,3
9927,3
9928,2
9929,0
9930,0
9931,3
9932,3
9933,3
9934,0
9935,3
9936,0
9937,0
9938,4
9939,4
9940,2
9941,3
9942,2
9943,3
9944,2
9945,1
9946,4
9947,0
9948,0
9949,4
9950,1
9951,4
9952,3
9953,2
9954,0
9955,1
9956,2
9957,2
9958,2
9959,4
9960,0
9961,2
9962,1
9963,2
9964,2
9965,4
9966,1
9967,3
9968,1
9969,0
9970,4
9971,0
9972,0
9973,2
9974,1
9975,3
9976,3
9977,0
9978,0
9979,1
9980,3
9981,0
9982,4
9983,1
9984,4
9985,0
9986,2
9987,2
9988,0
9989,0
9990,1
9991,3
9992,0
9993,3
9994,3
9995,4
9996,2
9997,0
9998,3
9999,2
10000,1
10001,1
10002,0
10003,2
10004,3
10005,1
10006,4
10007,2
10008,4
10009,3
10010,0
10011,2
10012,3
10013,0
10014,1
10015,4
10016,0
10017,1
10018,4
10019,0
10020,0
10021,2
10022,2
10023,0
10024,4
10025,4
10026,1
10027,3
10028,3
10029,3
10030,3
10031,0
10032,0
10033,4
10034,4
10035,2
10036,4
10037,2
10038,2
10039,3
10040,1
10041,0
10042,4
10043,2
10044,1
10045,1
10046,3
10047,1
10048,3
10049,3
10050,2
10051,1
10052,3
10053,4
10054,3
10055,2
10056,4
10057,4
10058,0
10059,1
10060,1
10061,0
10062,2
10063,3
10064,4
10065,4
10066,2
10067,2
10068,2
10069,1
10070,1
10071,4
10072,2
10073,0
10074,1
10075,2
10076,3
10077,1
10078,3
10079,2
10080,1
10081,1
10082,0
10083,4
10084,0
10085,3
10086,2
10087,4
10088,4
10089,0
10090,0
10091,2
10092,3
10093,3
10094,1
10095,3
10096,1
10097,2
10098,2
10099,0
10100,3
10101,1
10102,2
10103,0
10104,4
10105,1
10106,2
10107,3
10108,4
10109,2
10110,0
10111,1
10112,1
10113,1
10114,2
10115,4
10116,2
10117,1
10118,0
10119,4
10120,4
10121,3
10122,4
10123,1
10124,0
10125,3
10126,2
10127,2
10128,4
10129,4
10130,4
10131,4
10132,2
10133,2
10134,1
10135,2
10136,3
10137,0
10138,4
10139,0
10140,1
10141,4
10142,3
10143,0
10144,2
10145,1
10146,1
10147,2
10148,2
10149,2
10150,4
10151,1
10152,2
10153,0
10154,3
10155,1
10156,1
10157,1
10158,1
10159,4
10160,3
10161,0
10162,1
10163,2
10164,1
10165,2
10166,2
10167,1
10168,1
10169,0
10170,0
10171,4
10172,2
10173,3
10174,3
10175,1
10176,3
10177,2
10178,1
10179,0
10180,0
10181,4
10182,1
10183,4
10184,0
10185,0
10186,0
10187,1
10188,1
10189,0
10190,4
10191,4
10192,4
10193,1
10194,4
10195,3
10196,1
10197,2
10198,0
10199,4
10200,2
10201,0
10202,3
10203,3
10204,0
10205,4
10206,4
10207,3
10208,3
10209,0
10210,0
10211,0
10212,1
10213,1
10214,4
10215,3
10216,2
10217,2
10218,4
10219,4
10220,3
10221,3
10222,1
10223,0
10224,4
10225,3
10226,1
10227,3
10228,2
10229,4
10230,4
10231,2
10232,4
10233,1
10234,3
10235,3
10236,3
10237,4
10238,4
10239,4
10240,3
10241,1
10242,0
10243,4
10244,2
10245,3
10246,2
10247,3
10248,1
10249,3
10250,3
10251,0
10252,4
10253,1
10254,1
10255,2
10256,2
10257,1
10258,1
10259,3
10260,3
10261,0
10262,0
10263,1
10264,2
10265,1
10266,4
10267,3
10268,2
10269,1
10270,2
10271,0
10272,3
10273,4
10274,0
10275,4
10276,1
10277,2
10278,0
10279,3
10280,0
10281,1
10282,4
10283,1
10284,1
10285,4
10286,3
10287,4
10288,2
10289,2
10290,3
10291,3
10292,2
10293,1
10294,1
10295,4
10296,1
10297,0
10298,1
10299,1
10300,4
10301,1
10302,0
10303,2
10304,0
10305,0
10306,3
10307,4
10308,4
10309,1
10310,1
10311,2
10312,0
10313,1
10314,2
10315,3
10316,4
10317,1
10318,4
10319,3
10320,3
10321,2
10322,2
10323,0
10324,0
10325,3
10326,4
10327,4
10328,0
10329,1
10330,3
10331,4
10332,3
10333,2
10334,2
10335,4
10336,4
10337,2
10338,1
10339,2
10340,3
10341,1
10342,0
10343,1
10344,0
10345,0
10346,0
10347,0
10348,3
10349,1
10350,2
10351,2
10352,1
10353,4
10354,2
10355,4
10356,3
10357,2
10358,1
10359,1
10360,2
10361,4
10362,0
10363,2
10364,3
10365,4
10366,1
10367,1
10368,2
10369,1
10370,2
10371,0
10372,3
10373,2
10374,4
10375,4
10376,3
10377,1
10378,1
10379,2
10380,4
10381,0
10382,4
10383,2
10384,3
10385,3
10386,4
10387,0
10388,1
10389,2
10390,2
10391,0
10392,2
10393,2
10394,3
10395,1
10396,3
10397,3
10398,1
10399,3
10400,1
10401,2
10402,4
10403,0
10404,4
10405,3
10406,2
10407,3
10408,0
10409,0
10410,1
10411,4
10412,4
10413,0
10414,2
10415,2
10416,1
10417,3
10418,0
10419,1
10420,1
10421,4
10422,0
10423,0
10424,3
10425,0
10426,1
10427,2
10428,4
10429,2
10430,1
10431,3
10432,0
10433,0
10434,4
10435,3
10436,0
10437,4
10438,2
10439,4
10440,0
10441,4
10442,4
10443,0
10444,1
10445,0
10446,0
10447,1
10448,1
10449,4
10450,4
10451,2
10452,1
10453,1
10454,4
10455,0
10456,2
10457,3
10458,3
10459,0
10460,0
10461,0
10462,4
10463,3
10464,0
10465,3
10466,2
10467,3
10468,4
10469,0
10470,1
10471,0
10472,1
10473,4
10474,4
10475,4
10476,3
10477,3
10478,0
10479,2
10480,2
10481,3
10482,4
10483,3
10484,3
10485,2
10486,0
10487,1
10488,4
10489,3
10490,2
10491,1
10492,3
10493,3
10494,1
10495,0
10496,0
10497,2
10498,2
10499,1
10500,4
10501,3
10502,4
10503,0
10504,2
10505,1
10506,4
10507,3
10508,3
10509,1
10510,1
10511,1
10512,1
10513,4
10514,1
10515,4
10516,4
10517,0
10518,1
10519,4
10520,4
10521,1
10522,2
10523,4
10524,2
10525,2
10526,2
10527,0
10528,4
10529,3
10530,1
10531,1
10532,3
10533,4
10534,4
10535,2
10536,2
10537,3
10538,1
10539,1
10540,4
10541,4
10542,0
10543,2
10544,2
10545,4
10546,1
10547,1
10548,2
10549,3
10550,3
10551,4
10552,4
10553,2
10554,4
10555,4
10556,2
10557,4
10558,4
10559,2
10560,1
10561,4
10562,3
10563,1
10564,2
10565,2
10566,3
10567,4
10568,4
10569,4
10570,2
10571,2
10572,2
10573,0
10574,1
10575,4
10576,1
10577,2
10578,1
10579,4
10580,0
10581,4
10582,1
10583,2
10584,0
10585,0
10586,4
10587,0
10588,0
10589,4
10590,2
10591,3
10592,1
10593,2
10594,3
10595,4
10596,2
10597,1
10598,0
10599,3
10600,1
10601,0
10602,4
10603,3
10604,0
10605,1
10606,2
10607,0
10608,2
10609,1
10610,0
10611,0
10612,4
10613,3
10614,1
10615,0
10616,3
10617,3
10618,1
10619,2
10620,0
10621,4
10622,4
10623,4
10624,2
10625,3
10626,0
10627,0
10628,1
10629,0
10630,4
10631,4
10632,1
10633,4
10634,3
10635,3
10636,3
10637,2
10638,1
10639,3
10640,4
10641,2
10642,1
10643,3
10644,2
10645,2
10646,1
10647,1
10648,2
10649,0
10650,1
10651,2
10652,0
10653,2
10654,3
10655,1
10656,3
10657,4
10658,4
10659,1
10660,1
10661,1
10662,2
10663,4
10664,4
10665,3
10666,1
10667,3
10668,4
10669,3
10670,2
10671,4
10672,2
10673,3
10674,0
10675,0
10676,2
10677,1
10678,2
10679,1
10680,4
10681,4
10682,3
10683,2
10684,4
10685,0
10686,1
10687,2
10688,4
10689,4
10690,3
10691,2
10692,0
10693,3
10694,2
10695,3
10696,4
10697,0
10698,4
10699,2
10700,2
10701,0
10702,1
10703,1
10704,3
10705,2
10706,2
10707,1
10708,3
10709,0
10710,3
10711,0
10712,0
10713,3
10714,0
10715,2
10716,2
10717,4
10718,4
10719,4
10720,4
10721,0
10722,0
10723,1
10724,0
10725,0
10726,4
10727,4
10728,2
10729,0
10730,0
10731,2
10732,2
10733,3
10734,4
10735,2
10736,0
10737,0
10738,2
10739,1
10740,4
10741,2
10742,2
10743,0
10744,3
10745,3
10746,4
10747,2
10748,3
10749,0
10750,3
10751,1
10752,0
10753,4
10754,2
10755,0
10756,1
10757,2
10758,4
10759,4
10760,1
10761,4
10762,4
10763,4
10764,4
10765,0
10766,2
10767,1
10768,3
10769,1
10770,0
10771,4
10772,4
10773,3
10774,2
10775,4
10776,0
10777,3
10778,2
10779,2
10780,3
10781,1
10782,3
10783,3
10784,3
10785,4
10786,4
10787,4
10788,3
10789,2
10790,0
10791,4
10792,2
10793,1
10794,3
10795,2
10796,4
10797,3
10798,4
10799,4
10800,3
10801,4
10802,3
10803,4
10804,1
10805,1
10806,3
10807,3
10808,2
10809,1
10810,0
10811,3
10812,4
10813,1
10814,1
10815,0
10816,3
10817,2
10818,0
10819,0
10820,3
10821,0
10822,2
10823,0
10824,0
10825,1
10826,2
10827,3
10828,0
10829,1
10830,2
10831,2
10832,3
10833,4
10834,3
10835,4
10836,2
10837,0
10838,0
10839,0
10840,0
10841,3
10842,2
10843,3
10844,3
10845,4
10846,2
10847,2
10848,2
10849,2
10850,2
10851,2
10852,4
10853,2
10854,1
10855,2
10856,4
10857,4
10858,0
10859,3
10860,3
10861,3
10862,0
10863,3
10864,0
10865,1
10866,4
10867,4
10868,3
10869,0
10870,0
10871,2
10872,1
10873,1
10874,0
10875,1
10876,2
10877,3
10878,0
10879,0
10880,4
10881,0
10882,3
10883,3
10884,0
10885,2
10886,2
10887,1
10888,4
10889,2
10890,1
10891,0
10892,1
10893,2
10894,4
10895,4
10896,3
10897,2
10898,4
10899,3
10900,0
10901,3
10902,2
10903,4
10904,1
10905,0
10906,4
10907,4
10908,0
10909,4
10910,0
10911,0
10912,4
10913,2
10914,1
10915,2
10916,3
10917,2
10918,4
10919,3
10920,3
10921,1
10922,4
10923,3
10924,2
10925,4
10926,4
10927,2
10928,4
10929,3
10930,1
10931,1
10932,3
10933,3
10934,0
10935,1
10936,2
10937,3
10938,1
10939,2
10940,1
10941,2
10942,3
10943,0
10944,0
10945,0
10946,2
10947,3
10948,2
10949,1
10950,3
10951,1
10952,1
10953,1
10954,3
10955,0
10956,1
10957,2
10958,4
10959,1
10960,1
10961,3
10962,4
10963,2
10964,4
10965,2
10966,3
10967,4
10968,4
10969,1
10970,1
10971,4
10972,1
10973,1
10974,2
10975,2
10976,3
10977,1
10978,0
10979,1
10980,3
10981,2
10982,1
10983,2
10984,1
10985,3
10986,4
10987,1
10988,3
10989,1
10990,0
10991,2
10992,2
10993,0
10994,2
10995,4
10996,2
10997,2
10998,4
10999,0
11000,4
11001,2
11002,2
11003,2
11004,3
11005,1
11006,2
11007,2
11008,1
11009,1
11010,3
11011,0
11012,2
11013,2
11014,0
11015,1
11016,2
11017,0
11018,2
11019,1
11020,3
11021,0
11022,2
11023,2
11024,0
11025,1
11026,4
11027,3
11028,4
11029,3
11030,4
11031,0
11032,3
11033,1
11034,0
11035,0
11036,4
11037,1
11038,0
11039,0
11040,1
11041,4
11042,1
11043,1
11044,0
11045,3
11046,1
11047,1
11048,1
11049,1
11050,2
11051,0
11052,0
11053,2
11054,2
11055,4
11056,1
11057,3
11058,2
11059,2
11060,1
11061,1
11062,2
11063,1
11064,1
11065,1
11066,1
11067,3
11068,2
11069,2
11070,4
11071,3
11072,2
11073,4
11074,0
11075,1
11076,3
11077,3
11078,3
11079,3
11080,3
11081,4
11082,4
11083,0
11084,2
11085,4
11086,1
11087,2
11088,4
11089,1
11090,4
11091,0
11092,1
11093,1
11094,4
11095,2
11096,3
11097,3
11098,2
11099,3
11100,3
11101,2
11102,1
11103,3
11104,0
11105,2
11106,0
11107,2
11108,4
11109,1
11110,1
11111,4
11112,3
11113,1
11114,4
11115,4
11116,4
11117,1
11118,1
11119,3
11120,2
11121,1
11122,0
11123,3
11124,0
11125,4
11126,1
11127,3
11128,2
11129,0
11130,3
11131,1
11132,2
11133,3
11134,0
11135,3
11136,3
11137,4
11138,1
11139,0
11140,0
11141,4
11142,0
11143,0
11144,3
11145,1
11146,4
11147,2
11148,3
11149,2
11150,0
11151,3
11152,4
11153,1
11154,3
11155,0
11156,3
11157,4
11158,1
11159,0
11160,2
11161,1
11162,4
11163,4
11164,1
11165,2
11166,1
11167,0
11168,1
11169,2
11170,1
11171,0
11172,1
11173,2
11174,1
11175,3
11176,2
11177,2
11178,3
11179,2
11180,3
11181,4
11182,2
11183,4
11184,2
11185,0
11186,4
11187,0
11188,4
11189,4
11190,4
11191,1
11192,4
11193,0
11194,4
11195,0
11196,1
11197,4
11198,1
11199,1
11200,2
11201,3
11202,3
11203,4
11204,1
11205,2
11206,3
11207,1
11208,3
11209,0
11210,2
11211,1
11212,2
11213,0
11214,4
11215,2
11216,2
11217,1
11218,1
11219,4
11220,1
11221,1
11222,0
11223,4
11224,3
11225,2
11226,2
11227,1
11228,1
11229,2
11230,2
11231,2
11232,3
11233,4
11234,1
11235,4
11236,1
11237,2
11238,3
11239,1
11240,1
11241,4
11242,1
11243,1
11244,3
11245,2
11246,1
11247,0
11248,2
11249,3
11250,0
11251,1
11252,1
11253,1
11254,3
11255,3
11256,1
11257,0
11258,3
11259,0
11260,2
11261,4
11262,0
11263,2
11264,2
11265,3
11266,1
11267,2
11268,3
11269,3
11270,4
11271,4
11272,3
11273,1
11274,1
11275,2
11276,3
11277,2
11278,0
11279,2
11280,3
11281,3
11282,3
11283,4
11284,1
11285,4
11286,0
11287,0
11288,4
11289,4
11290,0
11291,4
11292,1
11293,2
11294,0
11295,1
11296,0
11297,2
11298,4
11299,0
11300,1
11301,0
11302,1
11303,2
11304,4
11305,2
11306,3
11307,4
11308,3
11309,4
11310,2
11311,2
11312,0
11313,1
11314,3
11315,2
11316,2
11317,2
11318,1
11319,1
11320,2
11321,1
11322,3
11323,1
11324,4
11325,2
11326,3
11327,1
11328,1
11329,3
11330,4
11331,4
11332,4
11333,1
11334,2
11335,4
11336,2
11337,0
11338,0
11339,3
11340,4
11341,0
11342,2
11343,1
11344,2
11345,1
11346,0
11347,4
11348,0
11349,2
11350,3
11351,1
11352,1
11353,0
11354,1
11355,2
11356,0
11357,4
11358,4
11359,1
11360,4
11361,1
11362,1
11363,2
11364,4
11365,0
11366,2
11367,4
11368,3
11369,4
11370,4
11371,4
11372,4
11373,2
11374,3
11375,2
11376,0
11377,1
11378,0
11379,1
11380,2
11381,1
11382,0
11383,4
11384,4
11385,2
11386,1
11387,2
11388,4
11389,1
11390,0
11391,3
11392,4
11393,3
11394,3
11395,0
11396,0
11397,4
11398,4
11399,4
11400,0
11401,4
11402,0
11403,3
11404,0
11405,2
11406,1
11407,2
11408,2
11409,1
11410,2
11411,1
11412,2
11413,3
11414,0
11415,2
11416,1
11417,4
11418,0
11419,2
11420,4
11421,0
11422,4
11423,3
11424,4
11425,4
11426,0
11427,1
11428,1
11429,3
11430,1
11431,0
11432,1
11433,1
11434,3
11435,3
11436,0
11437,3
11438,4
11439,2
11440,4
11441,0
11442,0
11443,2
11444,4
11445,0
11446,3
11447,2
11448,2
11449,1
11450,0
11451,4
11452,2
11453,1
11454,1
11455,2
11456,1
11457,0
11458,2
11459,2
11460,0
11461,0
11462,1
11463,1
11464,2
11465,3
11466,1
11467,2
11468,3
11469,4
11470,2
11471,3
11472,3
11473,0
11474,1
11475,4
11476,2
11477,2
11478,4
11479,4
11480,2
11481,4
11482,1
11483,3
11484,3
11485,0
11486,4
11487,1
11488,1
11489,2
11490,3
11491,4
11492,0
11493,2
11494,4
11495,3
11496,0
11497,4
11498,0
11499,0
11500,2
11501,2
11502,2
11503,4
11504,0
11505,4
11506,0
11507,1
11508,3
11509,4
11510,1
11511,3
11512,0
11513,2
11514,3
11515,3
11516,0
11517,3
11518,1
11519,4
11520,0
11521,1
11522,3
11523,1
11524,4
11525,3
11526,0
11527,3
11528,3
11529,3
11530,3
11531,2
11532,3
11533,2
11534,0
11535,2
11536,1
11537,0
11538,2
11539,4
11540,3
11541,1
11542,4
11543,2
11544,3
11545,3
11546,4
11547,4
11548,1
11549,4
11550,3
11551,4
11552,0
11553,0
11554,1
11555,4
11556,3
11557,4
11558,3
11559,2
11560,1
11561,3
11562,1
11563,4
11564,3
11565,3
11566,0
11567,2
11568,4
11569,1
11570,0
11571,4
11572,0
11573,2
11574,2
11575,1
11576,4
11577,0
11578,4
11579,2
11580,2
11581,2
11582,1
11583,1
11584,4
11585,2
11586,3
11587,4
11588,3
11589,4
11590,2
11591,1
11592,2
11593,4
11594,4
11595,4
11596,3
11597,3
11598,2
11599,4
11600,3
11601,0
11602,3
11603,1
11604,2
11605,2
11606,0
11607,4
11608,2
11609,2
11610,2
11611,1
11612,4
11613,0
11614,0
11615,0
11616,3
11617,3
11618,4
11619,1
11620,4
11621,1
11622,0
11623,2
11624,4
11625,4
11626,1
11627,2
11628,0
11629,0
11630,0
11631,3
11632,4
11633,2
11634,0
11635,0
11636,2
11637,1
11638,0
11639,1
11640,0
11641,1
11642,0
11643,1
11644,2
11645,1
11646,3
11647,4
11648,4
11649,3
11650,4
11651,4
11652,1
11653,4
11654,3
11655,1
11656,4
11657,4
11658,3
11659,4
11660,0
11661,3
11662,4
11663,1
11664,3
11665,2
11666,3
11667,4
11668,4
11669,0
11670,4
11671,0
11672,4
11673,2
11674,2
11675,3
11676,0
11677,0
11678,4
11679,1
11680,4
11681,1
11682,0
11683,4
11684,1
11685,1
11686,1
11687,3
11688,2
11689,1
11690,4
11691,0
11692,3
11693,1
11694,3
11695,1
11696,4
11697,4
11698,3
11699,3
11700,4
11701,4
11702,2
11703,3
11704,4
11705,4
11706,3
11707,3
11708,0
11709,0
11710,3
11711,2
11712,4
11713,3
11714,2
11715,0
11716,1
11717,1
11718,1
11719,1
11720,2
11721,2
11722,3
11723,3
11724,2
11725,0
11726,1
11727,2
11728,0
11729,3
11730,1
11731,1
11732,3
11733,4
11734,3
11735,2
11736,2
11737,2
11738,4
11739,0
11740,4
11741,2
11742,2
11743,4
11744,3
11745,4
11746,3
11747,2
11748,1
11749,4
11750,3
11751,3
11752,2
11753,2
11754,2
11755,0
11756,0
11757,1
11758,0
11759,3
11760,1
11761,1
11762,1
11763,0
11764,4
11765,1
11766,2
11767,3
11768,3
11769,2
11770,4
11771,1
11772,4
11773,1
11774,0
11775,0
11776,2
11777,2
11778,3
11779,4
11780,4
11781,0
11782,1
11783,1
11784,3
11785,3
11786,0
11787,3
11788,3
11789,3
11790,4
11791,1
11792,4
11793,1
11794,4
11795,0
11796,2
11797,0
11798,4
11799,0
11800,4
11801,0
11802,3
11803,4
11804,0
11805,2
11806,3
11807,0
11808,2
11809,3
11810,2
11811,0
11812,2
11813,1
11814,4
11815,4
11816,2
11817,4
11818,3
11819,0
11820,0
11821,2
11822,2
11823,2
11824,2
11825,3
11826,2
11827,2
11828,2
11829,0
11830,2
11831,3
11832,1
11833,3
11834,1
11835,2
11836,3
11837,1
11838,2
11839,1
11840,3
11841,4
11842,2
11843,2
11844,1
11845,0
11846,0
11847,0
11848,0
11849,0
11850,4
11851,3
11852,1
11853,3
11854,0
11855,1
11856,4
11857,1
11858,1
11859,4
11860,3
11861,3
11862,2
11863,2
11864,3
11865,4
11866,2
11867,0
11868,3
11869,0
11870,3
11871,4
11872,2
11873,0
11874,1
11875,0
11876,4
11877,3
11878,1
11879,1
11880,1
11881,1
11882,3
11883,3
11884,3
11885,1
11886,3
11887,1
11888,1
11889,0
11890,0
11891,2
11892,4
11893,3
11894,3
11895,2
11896,2
11897,0
11898,0
11899,0
11900,4
11901,1
11902,1
11903,3
11904,3
11905,4
11906,3
11907,0
11908,4
11909,0
11910,1
11911,3
11912,2
11913,2
11914,0
11915,0
11916,3
11917,4
11918,4
11919,3
11920,1
11921,3
11922,3
11923,1
11924,0
11925,3
11926,4
11927,2
11928,1
11929,2
11930,2
11931,1
11932,4
11933,4
11934,3
11935,0
11936,4
11937,3
11938,3
11939,2
11940,1
11941,4
11942,0
11943,4
11944,4
11945,3
11946,4
11947,3
11948,1
11949,1
11950,4
11951,2
11952,4
11953,4
11954,4
11955,3
11956,4
11957,2
11958,2
11959,1
11960,0
11961,0
11962,2
11963,1
11964,4
11965,4
11966,1
11967,0
11968,3
11969,4
11970,3
11971,1
11972,1
11973,4
11974,0
11975,0
11976,4
11977,3
11978,1
11979,2
11980,1
11981,3
11982,4
11983,1
11984,4
11985,2
11986,2
11987,3
11988,4
11989,2
11990,3
11991,4
11992,2
11993,0
11994,3
11995,2
11996,0
11997,1
11998,3
11999,4
12000,3
12001,4
12002,4
12003,3
12004,0
12005,2
12006,2
12007,1
12008,3
12009,1
12010,4
12011,3
12012,3
12013,3
12014,1
12015,2
12016,4
12017,4
12018,1
12019,4
12020,4
12021,3
12022,0
12023,4
12024,2
12025,2
12026,3
12027,3
12028,1
12029,2
12030,3
12031,4
12032,2
12033,0
12034,0
12035,4
12036,3
12037,3
12038,4
12039,0
12040,4
12041,1
12042,0
12043,3
12044,1
12045,1
12046,2
12047,3
12048,4
12049,0
12050,4
12051,1
12052,0
12053,0
12054,4
12055,2
12056,0
12057,1
12058,4
12059,2
12060,0
12061,4
12062,1
12063,1
12064,0
12065,2
12066,3
12067,3
12068,2
12069,0
12070,3
12071,3
12072,0
12073,3
12074,1
12075,1
12076,4
12077,0
12078,1
12079,1
12080,4
12081,4
12082,0
12083,2
12084,2
12085,0
12086,1
12087,3
12088,2
12089,0
12090,2
12091,2
12092,4
12093,2
12094,1
12095,2
12096,2
12097,1
12098,2
12099,3
12100,3
12101,4
12102,4
12103,3
12104,2
12105,1
12106,1
12107,1
12108,3
12109,4
12110,0
12111,2
12112,4
12113,4
12114,0
12115,1
12116,1
12117,4
12118,1
12119,2
12120,2
12121,1
12122,3
12123,3
12124,4
12125,2
12126,2
12127,3
12128,1
12129,4
12130,0
12131,1
12132,1
12133,1
12134,4
12135,1
12136,0
12137,2
12138,2
12139,1
12140,1
12141,1
12142,0
12143,2
12144,3
12145,2
12146,3
12147,0
12148,0
12149,3
12150,1
12151,4
12152,2
12153,0
12154,1
12155,4
12156,0
12157,3
12158,3
12159,4
12160,3
12161,0
12162,4
12163,0
12164,1
12165,3
12166,1
12167,1
12168,4
12169,2
12170,3
12171,4
12172,3
12173,2
12174,2
12175,4
12176,4
12177,0
12178,2
12179,4
12180,4
12181,4
12182,0
12183,2
12184,0
12185,2
12186,0
12187,3
12188,4
12189,0
12190,4
12191,1
12192,2
12193,1
12194,2
12195,4
12196,2
12197,3
12198,3
12199,3
12200,4
12201,0
12202,3
12203,0
12204,2
12205,0
12206,3
12207,3
12208,3
12209,0
12210,3
12211,4
12212,0
12213,4
12214,1
12215,0
12216,1
12217,3
12218,2
12219,0
12220,3
12221,3
12222,4
12223,4
12224,4
12225,3
12226,4
12227,1
12228,4
12229,3
12230,1
12231,3
12232,2
12233,0
12234,0
12235,0
12236,1
12237,3
12238,2
12239,0
12240,2
12241,3
12242,1
12243,3
12244,1
12245,4
12246,2
12247,1
12248,0
12249,3
12250,4
12251,1
12252,3
12253,3
12254,4
12255,4
12256,0
12257,3
12258,1
12259,4
12260,3
12261,3
12262,0
12263,1
12264,4
12265,4
12266,0
12267,2
12268,1
12269,2
12270,4
12271,0
12272,1
12273,4
12274,3
12275,3
12276,2
12277,1
12278,0
12279,4
12280,0
12281,3
12282,3
12283,2
12284,3
12285,1
12286,1
12287,1
12288,3
12289,0
12290,4
12291,0
12292,0
12293,1
12294,1
12295,3
12296,2
12297,1
12298,3
12299,2
12300,3
12301,2
12302,0
12303,2
12304,4
12305,2
12306,2
12307,0
12308,2
12309,4
12310,4
12311,2
12312,4
12313,3
12314,4
12315,3
12316,2
12317,0
12318,3
12319,1
12320,3
12321,2
12322,4
12323,0
12324,4
12325,0
12326,4
12327,4
12328,3
12329,4
12330,0
12331,4
12332,0
12333,4
12334,3
12335,4
12336,0
12337,2
12338,4
12339,4
12340,0
12341,0
12342,3
12343,1
12344,2
12345,0
12346,2
12347,2
12348,1
12349,3
12350,2
12351,4
12352,0
12353,3
12354,3
12355,3
12356,2
12357,0
12358,2
12359,0
12360,2
12361,4
12362,0
12363,1
12364,4
12365,2
12366,0
12367,2
12368,3
12369,4
12370,0
12371,2
12372,0
12373,3
12374,1
12375,3
12376,3
12377,2
12378,3
12379,0
12380,1
12381,1
12382,4
12383,2
12384,4
12385,0
12386,2
12387,0
12388,1
12389,3
12390,3
12391,4
12392,1
12393,3
12394,1
12395,2
12396,1
12397,1
12398,0
12399,2
12400,3
12401,3
12402,4
12403,3
12404,1
12405,4
12406,2
12407,0
12408,4
12409,0
12410,1
12411,3
12412,4
12413,0
12414,0
12415,3
12416,3
12417,4
12418,3
12419,2
12420,1
12421,3
12422,2
12423,3
12424,4
12425,0
12426,0
12427,2
12428,0
12429,1
12430,0
12431,4
12432,0
12433,2
12434,2
12435,1
12436,4
12437,4
12438,0
12439,3
12440,1
12441,3
12442,0
12443,2
12444,1
12445,0
12446,4
12447,1
12448,0
12449,2
12450,0
12451,0
12452,3
12453,1
12454,2
12455,1
12456,4
12457,4
12458,3
12459,0
12460,4
12461,1
12462,1
12463,2
12464,3
12465,3
12466,4
12467,4
12468,0
12469,0
12470,0
12471,2
12472,1
12473,0
12474,4
12475,0
12476,2
12477,1
12478,2
12479,3
12480,3
12481,4
12482,3
12483,3
12484,2
12485,3
12486,0
12487,0
12488,3
12489,0
12490,3
12491,4
12492,3
12493,2
12494,2
12495,3
12496,1
12497,4
12498,0
12499,1
12500,2
12501,2
12502,0
12503,2
12504,4
12505,4
12506,4
12507,0
12508,0
12509,1
12510,3
12511,0
12512,2
12513,4
12514,3
12515,2
12516,3
12517,0
12518,1
12519,2
12520,1
12521,0
12522,1
12523,0
12524,1
12525,4
12526,1
12527,4
12528,1
12529,0
12530,1
12531,3
12532,4
12533,3
12534,0
12535,1
12536,4
12537,3
12538,2
12539,4
12540,3
12541,1
12542,0
12543,0
12544,2
12545,4
12546,4
12547,2
12548,2
12549,3
12550,0
12551,4
12552,0
12553,2
12554,2
12555,0
12556,3
12557,3
12558,0
12559,4
12560,0
12561,3
12562,2
12563,4
12564,2
12565,0
12566,1
12567,4
12568,0
12569,0
12570,2
12571,4
12572,1
12573,3
12574,2
12575,0
12576,2
12577,2
12578,3
12579,0
12580,2
12581,4
12582,2
12583,3
12584,1
12585,2
12586,3
12587,0
12588,3
12589,4
12590,2
12591,3
12592,0
12593,3
12594,2
12595,3
12596,0
12597,1
12598,3
12599,0
12600,2
12601,3
12602,2
12603,4
12604,4
12605,0
12606,4
12607,4
12608,3
12609,1
12610,3
12611,1
12612,1
12613,4
12614,1
12615,0
12616,0
12617,1
12618,3
12619,0
12620,2
12621,1
12622,1
12623,3
12624,0
12625,4
12626,1
12627,4
12628,4
12629,3
12630,3
12631,2
12632,4
12633,2
12634,0
12635,4
12636,3
12637,3
12638,4
12639,0
12640,4
12641,3
12642,3
12643,1
12644,2
12645,1
12646,3
12647,2
12648,0
12649,1
12650,0
12651,1
12652,2
12653,4
12654,0
12655,4
12656,0
12657,4
12658,2
12659,4
12660,0
12661,2
12662,0
12663,4
12664,2
12665,1
12666,3
12667,2
12668,1
12669,0
12670,1
12671,4
12672,0
12673,2
12674,0
12675,1
12676,3
12677,3
12678,1
12679,2
12680,4
12681,1
12682,0
12683,3
12684,1
12685,4
12686,2
12687,4
12688,1
12689,3
12690,4
12691,1
12692,4
12693,3
12694,2
12695,3
12696,4
12697,3
12698,1
12699,3
12700,0
12701,3
12702,2
12703,4
12704,4
12705,2
12706,1
12707,3
12708,2
12709,1
12710,1
12711,4
12712,3
12713,0
12714,3
12715,4
12716,1
12717,2
12718,2
12719,3
12720,0
12721,3
12722,2
12723,2
12724,4
12725,1
12726,2
12727,0
12728,0
12729,4
12730,3
12731,4
12732,0
12733,0
12734,4
12735,0
12736,4
12737,2
12738,3
12739,1
12740,0
12741,1
12742,2
12743,1
12744,4
12745,0
12746,4
12747,2
12748,3
12749,2
12750,4
12751,3
12752,0
12753,0
12754,4
12755,1
12756,3
12757,4
12758,2
12759,2
12760,4
12761,1
12762,0
12763,3
12764,1
12765,2
12766,4
12767,0
12768,3
12769,1
12770,1
12771,3
12772,3
12773,0
12774,3
12775,2
12776,4
12777,2
12778,0
12779,4
12780,2
12781,3
12782,1
12783,3
12784,4
12785,0
12786,2
12787,1
12788,0
12789,0
12790,3
12791,2
12792,2
12793,4
12794,0
12795,0
12796,3
12797,3
12798,1
12799,4
12800,0
12801,3
12802,1
12803,0
12804,1
12805,3
12806,3
12807,3
12808,4
12809,3
12810,4
12811,4
12812,4
12813,0
12814,0
12815,0
12816,3
12817,0
12818,3
12819,3
12820,1
12821,3
12822,1
12823,1
12824,0
12825,4
12826,0
12827,4
12828,4
12829,3
12830,3
12831,1
12832,2
12833,3
12834,4
12835,1
12836,0
12837,2
12838,0
12839,3
12840,3
12841,0
12842,2
12843,0
12844,4
12845,0
12846,2
12847,4
12848,1
12849,0
12850,1
12851,3
12852,0
12853,0
12854,4
12855,4
12856,1
12857,0
12858,0
12859,4
12860,0
12861,1
12862,1
12863,1
12864,1
12865,1
12866,1
12867,3
12868,2
12869,2
12870,0
12871,2
12872,3
12873,1
12874,1
12875,4
12876,0
12877,3
12878,3
12879,1
12880,3
12881,2
12882,1
12883,3
12884,2
12885,4
12886,4
12887,1
12888,0
12889,0
12890,1
12891,2
12892,2
12893,4
12894,4
12895,3
12896,2
12897,0
12898,0
12899,2
12900,3
12901,2
12902,0
12903,3
12904,4
12905,4
12906,2
12907,4
12908,4
12909,4
12910,2
12911,0
12912,1
12913,2
12914,0
12915,3
12916,2
12917,2
12918,2
12919,1
12920,3
12921,2
12922,4
12923,0
12924,3
12925,4
12926,2
12927,2
12928,4
12929,1
12930,4
12931,4
12932,2
12933,4
12934,1
12935,3
12936,2
12937,1
12938,2
12939,1
12940,3
12941,3
12942,3
12943,3
12944,0
12945,0
12946,1
12947,3
12948,0
12949,3
12950,3
12951,3
12952,4
12953,2
12954,0
12955,3
12956,4
12957,4
12958,2
12959,2
12960,4
12961,3
12962,2
12963,2
12964,3
12965,3
12966,2
12967,3
12968,3
12969,0
12970,4
12971,3
12972,0
12973,1
12974,0
12975,4
12976,2
12977,2
12978,0
12979,0
12980,1
12981,1
12982,4
12983,4
12984,0
12985,0
12986,2
12987,3
12988,4
12989,0
12990,0
12991,1
12992,3
12993,0
12994,1
12995,1
12996,4
12997,3
12998,3
12999,2
13000,1
13001,2
13002,0
13003,2
13004,0
13005,3
13006,3
13007,4
13008,3
13009,0
13010,3
13011,2
13012,0
13013,2
13014,2
13015,0
13016,4
13017,0
13018,2
13019,2
13020,1
13021,4
13022,1
13023,1
13024,1
13025,2
13026,1
13027,0
13028,2
13029,3
13030,4
13031,1
13032,1
13033,3
13034,1
13035,4
13036,2
13037,2
13038,0
13039,3
13040,2
13041,0
13042,4
13043,4
13044,2
13045,3
13046,3
13047,0
13048,4
13049,4
13050,2
13051,3
13052,3
13053,3
13054,2
13055,3
13056,4
13057,1
13058,4
13059,4
13060,1
13061,3
13062,2
13063,2
13064,1
13065,3
13066,1
13067,0
13068,3
13069,4
13070,4
13071,2
13072,0
13073,1
13074,2
13075,2
13076,3
13077,0
13078,2
13079,4
13080,3
13081,0
13082,0
13083,3
13084,3
13085,3
13086,1
13087,1
13088,4
13089,3
13090,4
13091,2
13092,0
13093,2
13094,2
13095,2
13096,4
13097,2
13098,2
13099,3
13100,3
13101,2
13102,1
13103,2
13104,2
13105,0
13106,0
13107,1
13108,4
13109,4
13110,2
13111,3
13112,4
13113,2
13114,0
13115,3
13116,1
13117,1
13118,4
13119,0
13120,1
13121,2
13122,4
13123,3
13124,2
13125,2
13126,1
13127,4
13128,2
13129,2
13130,4
13131,0
13132,4
13133,1
13134,0
13135,0
13136,2
13137,3
13138,3
13139,4
13140,0
13141,1
13142,4
13143,4
13144,2
13145,2
13146,4
13147,4
13148,1
13149,1
13150,4
13151,4
13152,1
13153,0
13154,4
13155,1
13156,1
13157,2
13158,1
13159,3
13160,1
13161,4
13162,0
13163,0
13164,1
13165,2
13166,0
13167,0
13168,2
13169,3
13170,1
13171,1
13172,0
13173,1
13174,2
13175,3
13176,3
13177,2
13178,1
13179,1
13180,4
13181,4
13182,2
13183,2
13184,3
13185,4
13186,3
13187,1
13188,1
13189,4
13190,0
13191,3
13192,2
13193,3
13194,0
13195,0
13196,0
13197,4
13198,0
13199,0
13200,4
13201,0
13202,3
13203,0
13204,4
13205,1
13206,3
13207,4
13208,3
13209,4
13210,3
13211,2
13212,0
13213,1
13214,4
13215,1
13216,0
13217,2
13218,3
13219,4
13220,3
13221,4
13222,1
13223,0
13224,2
13225,4
13226,1
13227,2
13228,1
13229,1
13230,4
13231,0
13232,2
13233,1
13234,3
13235,1
13236,1
13237,2
13238,0
13239,3
13240,2
13241,2
13242,3
13243,0
13244,1
13245,2
13246,0
13247,3
13248,0
13249,0
13250,4
13251,4
13252,4
13253,0
13254,4
13255,2
13256,2
13257,1
13258,3
13259,0
13260,0
13261,1
13262,2
13263,1
13264,0
13265,2
13266,4
13267,1
13268,0
13269,0
13270,4
13271,0
13272,0
13273,2
13274,4
13275,3
13276,1
13277,2
13278,0
13279,4
13280,0
13281,2
13282,0
13283,3
13284,1
13285,3
13286,0
13287,0
13288,1
13289,0
13290,1
13291,0
13292,2
13293,0
13294,0
13295,4
13296,4
13297,0
13298,1
13299,4
13300,2
13301,4
13302,2
13303,0
13304,3
13305,2
13306,3
13307,1
13308,4
13309,2
13310,0
13311,0
13312,4
13313,0
13314,2
13315,3
13316,4
13317,3
13318,4
13319,2
13320,2
13321,3
13322,4
13323,2
13324,3
13325,1
13326,3
13327,4
13328,0
13329,2
13330,1
13331,3
13332,4
13333,0
13334,1
13335,1
13336,3
13337,4
13338,1
13339,0
13340,2
13341,1
13342,3
13343,0
13344,1
13345,1
13346,0
13347,2
13348,4
13349,0
13350,3
13351,0
13352,4
13353,4
13354,3
13355,3
13356,1
13357,3
13358,4
13359,3
13360,4
13361,3
13362,0
13363,0
13364,0
13365,4
13366,4
13367,4
13368,4
13369,0
13370,2
13371,0
13372,3
13373,1
13374,1
13375,0
13376,2
13377,0
13378,1
13379,3
13380,1
13381,4
13382,3
13383,4
13384,4
13385,0
13386,1
13387,3
13388,0
13389,1
13390,1
13391,0
13392,3
13393,1
13394,4
13395,3
13396,1
13397,0
13398,1
13399,3
13400,0
13401,3
13402,2
13403,4
13404,3
13405,1
13406,2
13407,0
13408,1
13409,1
13410,2
13411,0
13412,4
13413,2
13414,4
13415,3
13416,0
13417,4
13418,0
13419,0
13420,4
13421,3
13422,4
13423,2
13424,2
13425,1
13426,4
13427,1
13428,2
13429,0
13430,3
13431,4
13432,3
13433,4
13434,1
13435,4
13436,0
13437,0
13438,4
13439,3
13440,3
13441,0
13442,3
13443,4
13444,1
13445,3
13446,3
13447,0
13448,0
13449,2
13450,2
13451,4
13452,3
13453,0
13454,2
13455,3
13456,4
13457,2
13458,0
13459,0
13460,3
13461,4
13462,0
13463,2
13464,3
13465,1
13466,3
13467,4
13468,0
13469,3
13470,0
13471,1
13472,2
13473,4
13474,0
13475,3
13476,4
13477,4
13478,4
13479,2
13480,2
13481,3
13482,4
13483,0
13484,1
13485,4
13486,0
13487,2
13488,4
13489,4
13490,1
13491,0
13492,4
13493,1
13494,1
13495,3
13496,4
13497,0
13498,0
13499,0
13500,0
13501,3
13502,3
13503,4
13504,2
13505,4
13506,4
13507,0
13508,4
13509,0
13510,2
13511,3
13512,1
13513,3
13514,4
13515,2
13516,3
13517,3
13518,4
13519,3
13520,3
13521,4
13522,1
13523,4
13524,2
13525,0
13526,2
13527,3
13528,3
13529,1
13530,1
13531,2
13532,3
13533,1
13534,0
13535,0
13536,2
13537,1
13538,3
13539,4
13540,2
13541,0
13542,0
13543,2
13544,1
13545,4
13546,1
13547,3
13548,2
13549,2
13550,4
13551,3
13552,0
13553,0
13554,1
13555,4
13556,1
13557,0
13558,1
13559,1
13560,0
13561,4
13562,0
13563,2
13564,1
13565,1
13566,1
13567,0
13568,2
13569,3
13570,3
13571,3
13572,1
13573,1
13574,0
13575,1
13576,2
13577,1
13578,0
13579,3
13580,0
13581,2
13582,4
13583,2
13584,0
13585,2
13586,0
13587,2
13588,1
13589,0
13590,4
13591,4
13592,0
13593,2
13594,4
13595,2
13596,2
13597,1
13598,0
13599,1
13600,3
13601,4
13602,4
13603,4
13604,4
13605,1
13606,0
13607,2
13608,0
13609,3
13610,3
13611,1
13612,0
13613,4
13614,2
13615,0
13616,4
13617,2
13618,2
13619,2
13620,1
13621,1
13622,3
13623,3
13624,4
13625,3
13626,1
13627,2
13628,0
13629,3
13630,1
13631,2
13632,2
13633,4
13634,3
13635,2
13636,3
13637,1
13638,4
13639,3
13640,2
13641,4
13642,0
13643,1
13644,2
13645,4
13646,3
13647,4
13648,0
13649,4
13650,1
13651,2
13652,4
13653,2
13654,4
13655,2
13656,4
13657,0
13658,4
13659,4
13660,2
13661,0
13662,2
13663,3
13664,3
13665,3
13666,2
13667,4
13668,3
13669,3
13670,2
13671,0
13672,1
13673,0
13674,1
13675,3
13676,4
13677,4
13678,4
13679,0
13680,1
13681,2
13682,3
13683,2
13684,0
13685,2
13686,2
13687,1
13688,1
13689,2
13690,4
13691,2
13692,4
13693,0
13694,3
13695,4
13696,0
13697,2
13698,3
13699,4
13700,3
13701,0
13702,2
13703,0
13704,2
13705,4
13706,4
13707,0
13708,2
13709,3
13710,3
13711,1
13712,4
13713,0
13714,0
13715,3
13716,3
13717,1
13718,3
13719,0
13720,0
13721,0
13722,2
13723,2
13724,0
13725,2
13726,4
13727,0
13728,1
13729,1
13730,0
13731,2
13732,1
13733,3
13734,4
13735,3
13736,0
13737,4
13738,4
13739,2
13740,4
13741,0
13742,0
13743,0
13744,0
13745,1
13746,4
13747,4
13748,3
13749,0
13750,2
13751,3
13752,3
13753,0
13754,0
13755,4
13756,0
13757,0
13758,4
13759,3
13760,3
13761,0
13762,2
13763,0
13764,0
13765,0
13766,0
13767,1
13768,4
13769,4
13770,0
13771,1
13772,1
13773,2
13774,3
13775,4
13776,0
13777,1
13778,2
13779,1
13780,1
13781,0
13782,0
13783,1
13784,2
13785,1
13786,2
13787,4
13788,0
13789,0
13790,1
13791,4
13792,1
13793,1
13794,1
13795,0
13796,4
13797,4
13798,3
13799,3
13800,1
13801,4
13802,2
13803,2
13804,0
13805,2
13806,0
13807,1
13808,1
13809,1
13810,2
13811,2
13812,0
13813,1
13814,0
13815,2
13816,1
13817,0
13818,4
13819,1
13820,4
13821,1
13822,1
13823,3
13824,1
13825,1
13826,4
13827,1
13828,2
13829,0
13830,2
13831,4
13832,0
13833,3
13834,3
13835,1
13836,4
13837,4
13838,1
13839,3
13840,0
13841,4
13842,0
13843,0
13844,1
13845,4
13846,1
13847,4
13848,2
13849,0
13850,2
13851,0
13852,3
13853,4
13854,0
13855,4
13856,0
13857,4
13858,3
13859,0
13860,3
13861,0
13862,0
13863,2
13864,1
13865,4
13866,0
13867,0
13868,0
13869,0
13870,2
13871,1
13872,1
13873,4
13874,2
13875,2
13876,3
13877,0
13878,4
13879,1
13880,0
13881,4
13882,0
13883,4
13884,0
13885,4
13886,0
13887,4
13888,4
13889,3
13890,4
13891,2
13892,4
13893,1
13894,0
13895,4
13896,3
13897,4
13898,4
13899,1
13900,3
13901,2
13902,0
13903,3
13904,2
13905,4
13906,4
13907,2
13908,1
13909,0
13910,3
13911,2
13912,0
13913,3
13914,1
13915,2
13916,0
13917,0
13918,2
13919,0
13920,1
13921,4
13922,4
13923,0
13924,4
13925,4
13926,2
13927,3
13928,3
13929,2
13930,1
13931,3
13932,2
13933,2
13934,0
13935,4
13936,1
13937,2
13938,1
13939,3
13940,4
13941,1
13942,3
13943,3
13944,1
13945,0
13946,4
13947,4
13948,1
13949,3
13950,3
13951,3
13952,2
13953,0
13954,0
13955,2
13956,2
13957,0
13958,0
13959,4
13960,2
13961,3
13962,4
13963,3
13964,2
13965,0
13966,3
13967,0
13968,1
13969,0
13970,4
13971,1
13972,3
13973,2
13974,3
13975,0
13976,4
13977,3
13978,2
13979,3
13980,0
13981,0
13982,2
13983,1
13984,0
13985,2
13986,3
13987,0
13988,2
13989,1
13990,1
13991,4
13992,4
13993,2
13994,1
13995,0
13996,1
13997,3
13998,3
13999,0
14000,2
14001,4
14002,4
14003,1
14004,1
14005,0
14006,4
14007,0
14008,1
14009,4
14010,4
14011,4
14012,4
14013,1
14014,2
14015,0
14016,2
14017,1
14018,0
14019,4
14020,3
14021,1
14022,4
14023,3
14024,3
14025,4
14026,1
14027,1
14028,3
14029,3
14030,4
14031,3
14032,0
14033,1
14034,3
14035,1
14036,3
14037,1
14038,1
14039,1
14040,1
14041,4
14042,0
14043,1
14044,2
14045,4
14046,4
14047,0
14048,1
14049,2
14050,0
14051,1
14052,4
14053,2
14054,4
14055,3
14056,4
14057,0
14058,1
14059,2
14060,2
14061,4
14062,0
14063,0
14064,4
14065,2
14066,3
14067,4
14068,3
14069,2
14070,2
14071,3
14072,4
14073,0
14074,2
14075,2
14076,0
14077,4
14078,3
14079,4
14080,2
14081,0
14082,1
14083,4
14084,0
14085,3
14086,0
14087,1
14088,4
14089,2
14090,0
14091,2
14092,4
14093,1
14094,3
14095,3
14096,2
14097,2
14098,4
14099,2
14100,1
14101,4
14102,1
14103,2
14104,0
14105,4
14106,4
14107,0
14108,0
14109,3
14110,1
14111,2
14112,3
14113,2
14114,3
14115,4
14116,0
14117,0
14118,1
14119,2
14120,3
14121,2
14122,1
14123,0
14124,4
14125,3
14126,3
14127,4
14128,1
14129,1
14130,4
14131,3
14132,2
14133,1
14134,4
14135,2
14136,0
14137,0
14138,3
14139,2
14140,4
14141,3
14142,1
14143,2
14144,2
14145,1
14146,2
14147,1
14148,3
14149,2
14150,2
14151,1
14152,0
14153,1
14154,1
14155,2
14156,2
14157,1
14158,2
14159,3
14160,2
14161,2
14162,4
14163,0
14164,1
14165,1
14166,1
14167,3
14168,0
14169,1
14170,1
14171,4
14172,1
14173,0
14174,3
14175,4
14176,2
14177,4
14178,3
14179,3
14180,3
14181,1
14182,1
14183,1
14184,2
14185,1
14186,2
14187,0
14188,0
14189,0
14190,4
14191,2
14192,2
14193,2
14194,1
14195,4
14196,3
14197,2
14198,4
14199,2
14200,4
14201,1
14202,1
14203,1
14204,0
14205,0
14206,2
14207,2
14208,1
14209,0
14210,0
14211,4
14212,1
14213,2
14214,1
14215,3
14216,3
14217,0
14218,1
14219,3
14220,3
14221,3
14222,4
14223,1
14224,1
14225,0
14226,2
14227,2
14228,1
14229,1
14230,3
14231,0
14232,3
14233,4
14234,0
14235,1
14236,3
14237,4
14238,0
14239,0
14240,0
14241,3
14242,2
14243,1
14244,4
14245,1
14246,3
14247,4
14248,1
14249,2
14250,4
14251,3
14252,4
14253,4
14254,0
14255,0
14256,4
14257,0
14258,1
14259,1
14260,3
14261,3
14262,2
14263,3
14264,0
14265,4
14266,0
14267,3
14268,0
14269,2
14270,1
14271,1
14272,0
14273,0
14274,0
14275,2
14276,1
14277,4
14278,0
14279,3
14280,2
14281,2
14282,2
14283,1
14284,1
14285,1
14286,2
14287,3
14288,3
14289,0
14290,1
14291,3
14292,2
14293,0
14294,4
14295,3
14296,1
14297,0
14298,0
14299,0
14300,0
14301,3
14302,4
14303,1
14304,4
14305,4
14306,0
14307,3
14308,3
14309,0
14310,2
14311,0
14312,0
14313,1
14314,2
14315,0
14316,4
14317,2
14318,3
14319,0
14320,3
14321,4
14322,4
14323,3
14324,4
14325,1
14326,3
14327,3
14328,1
14329,2
14330,2
14331,1
14332,3
14333,0
14334,4
14335,1
14336,2
14337,2
14338,0
14339,0
14340,2
14341,3
14342,3
14343,0
14344,4
14345,3
14346,1
14347,1
14348,4
14349,4
14350,3
14351,2
14352,2
14353,3
14354,4
14355,3
14356,4
14357,4
14358,1
14359,0
14360,0
14361,2
14362,3
14363,3
14364,2
14365,4
14366,3
14367,4
14368,1
14369,4
14370,3
14371,4
14372,3
14373,0
14374,2
14375,2
14376,0
14377,1
14378,0
14379,3
14380,4
14381,2
14382,1
14383,4
14384,3
14385,0
14386,2
14387,1
14388,2
14389,3
14390,0
14391,0
14392,3
14393,2
14394,1
14395,1
14396,4
14397,4
14398,4
14399,3
14400,2
14401,3
14402,3
14403,3
14404,0
14405,0
14406,4
14407,3
14408,4
14409,1
14410,2
14411,4
14412,1
14413,4
14414,3
14415,2
14416,1
14417,0
14418,4
14419,0
14420,3
14421,1
14422,0
14423,2
14424,3
14425,4
14426,4
14427,1
14428,4
14429,0
14430,3
14431,4
14432,3
14433,3
14434,4
14435,3
14436,3
14437,1
14438,3
14439,0
14440,0
14441,0
14442,3
14443,1
14444,1
14445,0
14446,4
14447,2
14448,3
14449,3
14450,0
14451,3
14452,1
14453,3
14454,4
14455,0
14456,1
14457,0
14458,4
14459,1
14460,3
14461,0
14462,2
14463,1
14464,3
14465,2
14466,1
14467,2
14468,4
14469,1
14470,1
14471,0
14472,3
14473,3
14474,3
14475,4
14476,3
14477,3
14478,2
14479,4
14480,4
14481,0
14482,2
14483,3
14484,3
14485,4
14486,3
14487,2
14488,4
14489,2
14490,3
14491,0
14492,3
14493,0
14494,3
14495,2
14496,1
14497,0
14498,2
14499,0
14500,0
14501,2
14502,0
14503,0
14504,4
14505,3
14506,0
14507,0
14508,3
14509,2
14510,0
14511,4
14512,4
14513,3
14514,0
14515,0
14516,3
14517,2
14518,0
14519,4
14520,1
14521,4
14522,0
14523,2
14524,1
14525,2
14526,0
14527,4
14528,4
14529,2
14530,2
14531,4
14532,2
14533,3
14534,1
14535,0
14536,4
14537,4
14538,1
14539,1
14540,2
14541,4
14542,3
14543,3
14544,2
14545,3
14546,2
14547,1
14548,2
14549,3
14550,1
14551,1
14552,2
14553,0
14554,2
14555,3
14556,0
14557,1
14558,4
14559,2
14560,1
14561,4
14562,1
14563,2
14564,4
14565,4
14566,2
14567,0
14568,4
14569,2
14570,4
14571,0
14572,4
14573,2
14574,3
14575,3
14576,4
14577,4
14578,0
14579,4
14580,3
14581,1
14582,4
14583,1
14584,0
14585,3
14586,1
14587,2
14588,3
14589,4
14590,1
14591,1
14592,0
14593,0
14594,3
14595,4
14596,3
14597,3
14598,3
14599,1
14600,3
14601,0
14602,2
14603,2
14604,3
14605,2
14606,2
14607,1
14608,4
14609,0
14610,2
14611,1
14612,2
14613,4
14614,1
14615,4
14616,2
14617,4
14618,0
14619,3
14620,4
14621,4
14622,4
14623,1
14624,2
14625,2
14626,2
14627,4
14628,1
14629,1
14630,2
14631,4
14632,2
14633,2
14634,4
14635,4
14636,0
14637,1
14638,1
14639,4
14640,4
14641,0
14642,2
14643,4
14644,3
14645,4
14646,2
14647,4
14648,0
14649,0
14650,1
14651,3
14652,0
14653,3
14654,2
14655,2
14656,4
14657,1
14658,4
14659,0
14660,2
14661,3
14662,0
14663,1
14664,2
14665,1
14666,3
14667,4
14668,1
14669,0
14670,2
14671,1
14672,3
14673,4
14674,3
14675,0
14676,0
14677,3
14678,1
14679,1
14680,4
14681,3
14682,1
14683,2
14684,2
14685,4
14686,4
14687,1
14688,3
14689,1
14690,4
14691,3
14692,3
14693,0
14694,4
14695,3
14696,2
14697,3
14698,4
14699,4
14700,3
14701,4
14702,4
14703,1
14704,0
14705,4
14706,0
14707,2
14708,4
14709,4
14710,3
14711,0
14712,1
14713,3
14714,4
14715,1
14716,4
14717,3
14718,0
14719,2
14720,3
14721,3
14722,4
14723,4
14724,1
14725,1
14726,0
14727,3
14728,4
14729,3
14730,3
14731,3
14732,3
14733,0
14734,4
14735,4
14736,0
14737,4
14738,1
14739,4
14740,3
14741,2
14742,4
14743,2
14744,1
14745,3
14746,0
14747,2
14748,4
14749,4
14750,4
14751,2
14752,3
14753,0
14754,2
14755,4
14756,1
14757,1
14758,3
14759,1
14760,4
14761,4
14762,2
14763,3
14764,1
14765,0
14766,2
14767,2
14768,2
14769,2
14770,4
14771,1
14772,4
14773,0
14774,0
14775,1
14776,0
14777,3
14778,1
14779,1
14780,0
14781,2
14782,0
14783,0
14784,0
14785,2
14786,2
14787,0
14788,3
14789,1
14790,3
14791,0
14792,0
14793,3
14794,1
14795,0
14796,3
14797,4
14798,3
14799,1
14800,4
14801,1
14802,3
14803,1
14804,4
14805,4
14806,2
14807,4
14808,1
14809,2
14810,1
14811,3
14812,4
14813,4
14814,3
14815,4
14816,3
14817,0
14818,0
14819,4
14820,0
14821,2
14822,2
14823,3
14824,3
14825,0
14826,1
14827,0
14828,0
14829,2
14830,1
14831,2
14832,0
14833,1
14834,3
14835,3
14836,1
14837,4
14838,2
14839,2
14840,2
14841,1
14842,4
14843,4
14844,1
14845,1
14846,0
14847,1
14848,3
14849,0
14850,2
14851,3
14852,3
14853,0
14854,2
14855,1
14856,0
14857,0
14858,4
14859,2
14860,4
14861,4
14862,3
14863,4
14864,2
14865,2
14866,0
14867,3
14868,1
14869,1
14870,4
14871,3
14872,3
14873,0
14874,0
14875,0
14876,1
14877,1
14878,3
14879,3
14880,1
14881,1
14882,0
14883,1
14884,3
14885,4
14886,2
14887,2
14888,0
14889,2
14890,0
14891,3
14892,0
14893,0
14894,2
14895,0
14896,4
14897,3
14898,1
14899,0
14900,0
14901,2
14902,1
14903,3
14904,0
14905,3
14906,1
14907,0
14908,0
14909,4
14910,2
14911,0
14912,3
14913,4
14914,1
14915,0
14916,3
14917,1
14918,2
14919,3
14920,2
14921,3
14922,1
14923,4
14924,4
14925,0
14926,1
14927,3
14928,4
14929,2
14930,1
14931,0
14932,1
14933,1
14934,2
14935,1
14936,1
14937,3
14938,1
14939,3
14940,3
14941,2
14942,2
14943,2
14944,0
14945,1
14946,1
14947,2
14948,1
14949,2
14950,2
14951,2
14952,0
14953,1
14954,2
14955,3
14956,2
14957,4
14958,1
14959,4
14960,4
14961,4
14962,4
14963,3
14964,4
14965,4
14966,2
14967,1
14968,1
14969,1
14970,4
14971,1
14972,0
14973,0
14974,2
14975,0
14976,2
14977,4
14978,0
14979,2
14980,1
14981,2
14982,1
14983,0
14984,2
14985,0
14986,2
14987,4
14988,4
14989,4
14990,1
14991,3
14992,2
14993,1
14994,1
14995,1
14996,3
14997,3
14998,1
14999,1
15000,1
15001,4
15002,0
15003,1
15004,1
15005,3
15006,0
15007,4
15008,3
15009,1
15010,2
15011,1
15012,2
15013,3
15014,2
15015,2
15016,0
15017,0
15018,0
15019,0
15020,2
15021,3
15022,1
15023,0
15024,3
15025,2
15026,3
15027,3
15028,4
15029,3
15030,2
15031,4
15032,2
15033,2
15034,3
15035,0
15036,2
15037,1
15038,3
15039,0
15040,0
15041,3
15042,3
15043,1
15044,2
15045,0
15046,2
15047,1
15048,3
15049,1
15050,0
15051,4
15052,1
15053,3
15054,4
15055,0
15056,0
15057,3
15058,0
15059,3
15060,2
15061,4
15062,3
15063,4
15064,1
15065,4
15066,4
15067,0
15068,2
15069,4
15070,1
15071,3
15072,0
15073,2
15074,0
15075,1
15076,4
15077,1
15078,0
15079,4
15080,1
15081,4
15082,1
15083,4
15084,2
15085,0
15086,4
15087,2
15088,2
15089,2
15090,1
15091,4
15092,4
15093,0
15094,1
15095,4
15096,2
15097,2
15098,3
15099,2
15100,3
15101,1
15102,0
15103,1
15104,1
15105,1
15106,0
15107,1
15108,4
15109,3
15110,0
15111,2
15112,4
15113,0
15114,1
15115,4
15116,2
15117,4
15118,0
15119,4
15120,0
15121,1
15122,3
15123,1
15124,3
15125,3
15126,0
15127,0
15128,4
15129,2
15130,0
15131,3
15132,2
15133,1
15134,4
15135,1
15136,2
15137,1
15138,4
15139,4
15140,1
15141,1
15142,3
15143,3
15144,1
15145,1
15146,1
15147,2
15148,2
15149,4
15150,2
15151,0
15152,0
15153,2
15154,2
15155,4
15156,4
15157,4
15158,4
15159,2
15160,3
15161,3
15162,3
15163,4
15164,3
15165,4
15166,3
15167,1
15168,0
15169,1
15170,1
15171,1
15172,1
15173,2
15174,0
15175,0
15176,0
15177,0
15178,3
15179,1
15180,1
15181,4
15182,3
15183,4
15184,3
15185,1
15186,3
15187,3
15188,2
15189,2
15190,3
15191,2
15192,1
15193,4
15194,2
15195,1
15196,3
15197,3
15198,3
15199,1
15200,3
15201,2
15202,3
15203,0
15204,2
15205,4
15206,1
15207,3
15208,0
15209,1
15210,3
15211,4
15212,3
15213,4
15214,4
15215,1
15216,2
15217,3
15218,4
15219,3
15220,2
15221,2
15222,3
15223,3
15224,4
15225,1
15226,1
15227,2
15228,1
15229,4
15230,0
15231,1
15232,4
15233,4
15234,0
15235,0
15236,0
15237,3
15238,3
15239,3
15240,3
15241,4
15242,4
15243,1
15244,1
15245,2
15246,4
15247,3
15248,2
15249,1
15250,4
15251,2
15252,4
15253,2
15254,4
15255,1
15256,1
15257,4
15258,1
15259,4
15260,1
15261,0
15262,4
15263,1
15264,2
15265,3
15266,0
15267,0
15268,0
15269,1
15270,0
15271,3
15272,3
15273,4
15274,1
15275,4
15276,1
15277,0
15278,2
15279,4
15280,3
15281,2
15282,0
15283,1
15284,2
15285,2
15286,1
15287,4
15288,4
15289,4
15290,0
15291,4
15292,4
15293,3
15294,3
15295,2
15296,0
15297,0
15298,0
15299,0
15300,2
15301,1
15302,3
15303,3
15304,4
15305,2
15306,3
15307,4
15308,4
15309,1
15310,4
15311,1
15312,4
15313,4
15314,2
15315,0
15316,0
15317,0
15318,3
15319,3
15320,3
15321,1
15322,0
15323,1
15324,3
15325,4
15326,1
15327,0
15328,2
15329,2
15330,1
15331,0
15332,2
15333,3
15334,3
15335,1
15336,4
15337,0
15338,1
15339,4
15340,4
15341,0
15342,3
15343,4
15344,0
15345,3
15346,2
15347,0
15348,4
15349,0
15350,3
15351,1
15352,2
15353,0
15354,2
15355,1
15356,0
15357,4
15358,4
15359,2
15360,1
15361,2
15362,3
15363,3
15364,4
15365,0
15366,2
15367,1
15368,1
15369,2
15370,0
15371,3
15372,2
15373,4
15374,1
15375,0
15376,3
15377,2
15378,0
15379,2
15380,4
15381,1
15382,2
15383,0
15384,2
15385,4
15386,2
15387,2
15388,1
15389,4
15390,2
15391,0
15392,2
15393,2
15394,1
15395,3
15396,0
15397,2
15398,1
15399,1
15400,2
15401,4
15402,4
15403,3
15404,4
15405,2
15406,3
15407,1
15408,4
15409,4
15410,1
15411,2
15412,0
15413,1
15414,1
15415,4
15416,1
15417,2
15418,3
15419,2
15420,0
15421,1
15422,2
15423,4
15424,2
15425,1
15426,0
15427,1
15428,3
15429,0
15430,0
15431,0
15432,2
15433,3
15434,2
15435,3
15436,4
15437,3
15438,4
15439,4
15440,2
15441,1
15442,3
15443,4
15444,3
15445,2
15446,3
15447,2
15448,2
15449,2
15450,0
15451,3
15452,1
15453,4
15454,4
15455,2
15456,4
15457,1
15458,1
15459,4
15460,4
15461,0
15462,1
15463,4
15464,1
15465,0
15466,0
15467,1
15468,4
15469,4
15470,1
15471,2
15472,4
15473,4
15474,4
15475,3
15476,4
15477,3
15478,4
15479,2
15480,0
15481,0
15482,3
15483,0
15484,0
15485,0
15486,0
15487,0
15488,3
15489,0
15490,3
15491,0
15492,1
15493,1
15494,2
15495,2
15496,4
15497,4
15498,1
15499,0
15500,2
15501,4
15502,0
15503,4
15504,4
15505,2
15506,0
15507,0
15508,2
15509,1
15510,2
15511,4
15512,0
15513,0
15514,2
15515,1
15516,4
15517,4
15518,0
15519,3
15520,1
15521,3
15522,2
15523,3
15524,3
15525,3
15526,3
15527,2
15528,2
15529,4
15530,1
15531,0
15532,4
15533,0
15534,3
15535,1
15536,2
15537,2
15538,3
15539,4
15540,2
15541,0
15542,0
15543,0
15544,3
15545,0
15546,1
15547,0
15548,3
15549,3
15550,0
15551,1
15552,4
15553,4
15554,4
15555,2
15556,1
15557,3
15558,2
15559,0
15560,0
15561,3
15562,3
15563,4
15564,1
15565,3
15566,2
15567,2
15568,3
15569,0
15570,1
15571,2
15572,3
15573,0
15574,4
15575,4
15576,4
15577,1
15578,0
15579,2
15580,1
15581,2
15582,2
15583,2
15584,0
15585,0
15586,2
15587,3
15588,1
15589,0
15590,3
15591,1
15592,4
15593,4
15594,2
15595,3
15596,0
15597,0
15598,0
15599,0
15600,1
15601,4
15602,1
15603,0
15604,3
15605,1
15606,0
15607,4
15608,1
15609,1
15610,4
15611,0
15612,3
15613,0
15614,2
15615,2
15616,2
15617,1
15618,4
15619,3
15620,1
15621,4
15622,1
15623,4
15624,4
15625,0
15626,2
15627,1
15628,1
15629,4
15630,0
15631,4
15632,2
15633,1
15634,1
15635,1
15636,0
15637,4
15638,0
15639,3
15640,0
15641,1
15642,3
15643,2
15644,0
15645,0
15646,1
15647,0
15648,1
15649,3
15650,0
15651,4
15652,2
15653,2
15654,3
15655,0
15656,3
15657,4
15658,3
15659,3
15660,4
15661,2
15662,0
15663,3
15664,1
15665,2
15666,1
15667,3
15668,1
15669,2
15670,4
15671,3
15672,3
15673,1
15674,1
15675,4
15676,1
15677,4
15678,2
15679,2
15680,3
15681,2
15682,4
15683,1
15684,4
15685,0
15686,2
15687,1
15688,2
15689,4
15690,1
15691,3
15692,1
15693,4
15694,3
15695,0
15696,1
15697,0
15698,2
15699,2
15700,0
15701,4
15702,3
15703,4
15704,4
15705,2
15706,2
15707,4
15708,4
15709,2
15710,4
15711,1
15712,2
15713,0
15714,4
15715,3
15716,3
15717,4
15718,0
15719,2
15720,0
15721,3
15722,4
15723,0
15724,4
15725,2
15726,3
15727,4
15728,3
15729,4
15730,3
15731,4
15732,0
15733,3
15734,3
15735,1
15736,3
15737,0
15738,1
15739,3
15740,3
15741,1
15742,2
15743,4
15744,0
15745,1
15746,4
15747,0
15748,4
15749,2
15750,1
15751,2
15752,3
15753,3
15754,1
15755,2
15756,4
15757,1
15758,0
15759,3
15760,2
15761,3
15762,4
15763,2
15764,0
15765,2
15766,2
15767,0
15768,2
15769,1
15770,1
15771,4
15772,1
15773,3
15774,3
15775,3
15776,1
15777,3
15778,0
15779,2
15780,3
15781,3
15782,0
15783,0
15784,1
15785,2
15786,2
15787,4
15788,2
15789,0
15790,2
15791,4
15792,2
15793,0
15794,3
15795,1
15796,2
15797,0
15798,0
15799,1
15800,1
15801,2
15802,4
15803,1
15804,0
15805,3
15806,3
15807,1
15808,1
15809,1
15810,1
15811,1
15812,1
15813,2
15814,4
15815,3
15816,3
15817,2
15818,1
15819,1
15820,0
15821,2
15822,3
15823,2
15824,1
15825,2
15826,1
15827,4
15828,3
15829,4
15830,1
15831,2
15832,1
15833,2
15834,4
15835,2
15836,2
15837,3
15838,2
15839,0
15840,0
15841,4
15842,3
15843,4
15844,1
15845,1
15846,0
15847,2
15848,0
15849,1
15850,3
15851,3
15852,0
15853,1
15854,2
15855,4
15856,0
15857,0
15858,2
15859,0
15860,1
15861,1
15862,0
15863,2
15864,0
15865,3
15866,2
15867,3
15868,4
15869,3
15870,4
15871,3
15872,0
15873,2
15874,2
15875,2
15876,4
15877,1
15878,3
15879,0
15880,4
15881,4
15882,1
15883,2
15884,0
15885,1
15886,1
15887,3
15888,2
15889,3
15890,0
15891,2
15892,2
15893,2
15894,1
15895,4
15896,1
15897,0
15898,3
15899,4
15900,4
15901,3
15902,2
15903,1
15904,4
15905,0
15906,3
15907,3
15908,1
15909,0
15910,1
15911,2
15912,2
15913,1
15914,1
15915,2
15916,1
15917,4
15918,1
15919,4
15920,1
15921,1
15922,3
15923,3
15924,4
15925,2
15926,4
15927,3
15928,0
15929,1
15930,3
15931,3
15932,2
15933,0
15934,4
15935,0
15936,2
15937,0
15938,4
15939,1
15940,2
15941,1
15942,1
15943,1
15944,0
15945,1
15946,4
15947,2
15948,0
15949,4
15950,1
15951,2
15952,2
15953,4
15954,0
15955,1
15956,2
15957,2
15958,0
15959,1
15960,3
15961,4
15962,4
15963,4
15964,3
15965,2
15966,0
15967,3
15968,0
15969,0
15970,2
15971,0
15972,1
15973,4
15974,2
15975,3
15976,0
15977,4
15978,3
15979,2
15980,1
15981,3
15982,1
15983,1
15984,2
15985,4
15986,2
15987,0
15988,4
15989,1
15990,2
15991,1
15992,4
15993,0
15994,0
15995,2
15996,4
15997,3
15998,3
15999,4
16000,4
16001,2
16002,4
16003,1
16004,4
16005,2
16006,3
16007,4
16008,3
16009,1
16010,3
16011,0
16012,2
16013,2
16014,0
16015,2
16016,3
16017,3
16018,0
16019,1
16020,1
16021,2
16022,2
16023,0
16024,0
16025,2
16026,4
16027,4
16028,1
16029,3
16030,3
16031,2
16032,0
16033,1
16034,3
16035,4
16036,4
16037,1
16038,4
16039,4
16040,2
16041,1
16042,1
16043,4
16044,3
16045,1
16046,3
16047,0
16048,4
16049,2
16050,1
16051,4
16052,3
16053,2
16054,2
16055,2
16056,1
16057,1
16058,2
16059,3
16060,3
16061,4
16062,0
16063,0
16064,1
16065,3
16066,0
16067,0
16068,0
16069,2
16070,2
16071,3
16072,0
16073,4
16074,3
16075,1
16076,0
16077,1
16078,3
16079,2
16080,4
16081,4
16082,0
16083,4
16084,2
16085,4
16086,1
16087,3
16088,2
16089,4
16090,1
16091,4
16092,1
16093,4
16094,3
16095,0
16096,2
16097,1
16098,0
16099,1
16100,3
16101,4
16102,1
16103,3
16104,3
16105,1
16106,3
16107,2
16108,4
16109,0
16110,3
16111,4
16112,2
16113,2
16114,0
16115,1
16116,1
16117,2
16118,2
16119,0
16120,4
16121,3
16122,0
16123,2
16124,1
16125,4
16126,4
16127,4
16128,2
16129,1
16130,3
16131,4
16132,2
16133,4
16134,0
16135,4
16136,3
16137,1
16138,3
16139,4
16140,4
16141,1
16142,4
16143,2
16144,4
16145,3
16146,1
16147,2
16148,0
16149,4
16150,2
16151,3
16152,1
16153,4
16154,1
16155,0
16156,1
16157,4
16158,1
16159,0
16160,0
16161,1
16162,1
16163,0
16164,2
16165,3
16166,3
16167,0
16168,2
16169,4
16170,2
16171,4
16172,2
16173,2
16174,4
16175,4
16176,1
16177,4
16178,1
16179,3
16180,3
16181,0
16182,2
16183,2
16184,2
16185,0
16186,0
16187,3
16188,4
16189,0
16190,3
16191,0
16192,4
16193,0
16194,2
16195,3
16196,2
16197,4
16198,2
16199,3
16200,2
16201,4
16202,0
16203,4
16204,1
16205,4
16206,1
16207,2
16208,3
16209,4
16210,0
16211,4
16212,1
16213,1
16214,0
16215,3
16216,0
16217,4
16218,4
16219,3
16220,2
16221,4
16222,3
16223,4
16224,4
16225,2
16226,0
16227,1
16228,0
16229,4
16230,1
16231,3
16232,2
16233,4
16234,1
16235,4
16236,2
16237,1
16238,1
16239,4
16240,4
16241,2
16242,1
16243,0
16244,3
16245,0
16246,0
16247,3
16248,0
16249,2
16250,4
16251,1
16252,3
16253,2
16254,0
16255,3
16256,3
16257,0
16258,3
16259,1
16260,0
16261,1
16262,3
16263,0
16264,2
16265,2
16266,2
16267,3
16268,1
16269,2
16270,2
16271,0
16272,1
16273,1
16274,0
16275,4
16276,0
16277,4
16278,3
16279,2
16280,0
16281,4
16282,3
16283,1
16284,1
16285,2
16286,4
16287,3
16288,0
16289,3
16290,2
16291,1
16292,2
16293,1
16294,0
16295,0
16296,1
16297,3
16298,2
16299,0
16300,2
16301,2
16302,2
16303,0
16304,3
16305,3
16306,3
16307,1
16308,2
16309,2
16310,1
16311,1
16312,1
16313,1
16314,4
16315,2
16316,2
16317,3
16318,2
16319,0
16320,0
16321,0
16322,1
16323,1
16324,2
16325,0
16326,0
16327,2
16328,4
16329,4
16330,1
16331,1
16332,3
16333,4
16334,1
16335,0
16336,0
16337,2
16338,4
16339,0
16340,2
16341,4
16342,3
16343,0
16344,4
16345,1
16346,4
16347,0
16348,3
16349,4
16350,2
16351,3
16352,1
16353,2
16354,4
16355,0
16356,3
16357,3
16358,0
16359,4
16360,4
16361,0
16362,0
16363,2
16364,1
16365,2
16366,0
16367,0
16368,3
16369,0
16370,1
16371,2
16372,1
16373,4
16374,0
16375,4
16376,0
16377,1
16378,4
16379,1
16380,3
16381,3
16382,2
16383,4
16384,0
16385,4
16386,3
16387,2
16388,3
16389,2
16390,1
16391,1
16392,1
16393,4
16394,3
16395,2
16396,1
16397,1
16398,4
16399,1
16400,2
16401,0
16402,1
16403,4
16404,4
16405,1
16406,2
16407,2
16408,0
16409,3
16410,3
16411,3
16412,1
16413,0
16414,3
16415,3
16416,0
16417,3
16418,1
16419,3
16420,0
16421,3
16422,0
16423,0
16424,2
16425,4
16426,3
16427,1
16428,0
16429,0
16430,2
16431,2
16432,4
16433,4
16434,3
16435,1
16436,4
16437,2
16438,2
16439,4
16440,0
16441,2
16442,4
16443,0
16444,3
16445,3
16446,2
16447,1
16448,0
16449,3
16450,3
16451,4
16452,0
16453,3
16454,3
16455,4
16456,0
16457,2
16458,4
16459,0
16460,0
16461,1
16462,0
16463,3
16464,4
16465,3
16466,0
16467,2
16468,1
16469,1
16470,1
16471,3
16472,0
16473,4
16474,2
16475,3
16476,4
16477,1
16478,4
16479,4
16480,2
16481,3
16482,2
16483,4
16484,0
16485,3
16486,3
16487,1
16488,3
16489,2
16490,0
16491,3
16492,4
16493,4
16494,4
16495,1
16496,4
16497,1
16498,3
16499,3
16500,0
16501,2
16502,4
16503,4
16504,2
16505,4
16506,3
16507,1
16508,1
16509,0
16510,2
16511,1
16512,4
16513,2
16514,2
16515,1
16516,2
16517,3
16518,1
16519,1
16520,3
16521,1
16522,0
16523,3
16524,2
16525,2
16526,3
16527,1
16528,0
16529,0
16530,3
16531,4
16532,3
16533,3
16534,3
16535,3
16536,1
16537,0
16538,0
16539,4
16540,3
16541,1
16542,0
16543,2
16544,1
16545,2
16546,2
16547,1
16548,1
16549,2
16550,3
16551,0
16552,4
16553,3
16554,0
16555,0
16556,1
16557,4
16558,0
16559,1
16560,2
16561,3
16562,1
16563,1
16564,2
16565,1
16566,0
16567,1
16568,2
16569,1
16570,0
16571,2
16572,1
16573,2
16574,4
16575,2
16576,3
16577,4
16578,4
16579,2
16580,4
16581,4
16582,0
16583,1
16584,2
16585,1
16586,4
16587,4
16588,3
16589,1
16590,4
16591,3
16592,4
16593,0
16594,1
16595,1
16596,2
16597,2
16598,1
16599,2
16600,1
16601,1
16602,2
16603,2
16604,0
16605,0
16606,0
16607,4
16608,0
16609,0
16610,0
16611,3
16612,1
16613,0
16614,3
16615,3
16616,2
16617,2
16618,1
16619,3
16620,4
16621,2
16622,2
16623,4
16624,2
16625,0
16626,3
16627,3
16628,0
16629,0
16630,3
16631,4
16632,1
16633,4
16634,4
16635,2
16636,0
16637,2
16638,3
16639,4
16640,1
16641,1
16642,4
16643,2
16644,2
16645,4
16646,4
16647,1
16648,4
16649,0
16650,4
16651,2
16652,2
16653,4
16654,3
16655,1
16656,4
16657,1
16658,1
16659,2
16660,1
16661,2
16662,2
16663,3
16664,4
16665,4
16666,3
16667,1
16668,2
16669,2
16670,1
16671,1
16672,0
16673,0
16674,4
16675,4
16676,0
16677,0
16678,1
16679,1
16680,2
16681,0
16682,0
16683,4
16684,3
16685,4
16686,3
16687,0
16688,3
16689,3
16690,1
16691,0
16692,1
16693,1
16694,3
16695,3
16696,3
16697,4
16698,4
16699,1
16700,1
16701,4
16702,0
16703,4
16704,2
16705,1
16706,4
16707,3
16708,4
16709,4
16710,4
16711,0
16712,0
16713,3
16714,3
16715,3
16716,2
16717,0
16718,1
16719,4
16720,4
16721,0
16722,1
16723,1
16724,4
16725,0
16726,2
16727,3
16728,0
16729,3
16730,2
16731,4
16732,4
16733,1
16734,4
16735,0
16736,1
16737,3
16738,0
16739,0
16740,1
16741,0
16742,4
16743,4
16744,3
16745,2
16746,0
16747,1
16748,1
16749,4
16750,4
16751,4
16752,4
16753,4
16754,2
16755,1
16756,3
16757,0
16758,2
16759,4
16760,0
16761,3
16762,2
16763,0
16764,2
16765,0
16766,0
16767,0
16768,2
16769,2
16770,1
16771,1
16772,1
16773,4
16774,2
16775,0
16776,4
16777,1
16778,3
16779,1
16780,0
16781,1
16782,4
16783,4
16784,4
16785,1
16786,4
16787,2
16788,1
16789,2
16790,2
16791,3
16792,3
16793,0
16794,3
16795,3
16796,3
16797,1
16798,4
16799,4
16800,3
16801,2
16802,1
16803,0
16804,4
16805,0
16806,2
16807,0
16808,3
16809,1
16810,4
16811,0
16812,4
16813,3
16814,1
16815,4
16816,4
16817,4
16818,2
16819,2
16820,2
16821,4
16822,0
16823,1
16824,2
16825,1
16826,2
16827,1
16828,1
16829,4
16830,3
16831,2
16832,3
16833,2
16834,3
16835,0
16836,0
16837,2
16838,3
16839,3
16840,4
16841,4
16842,1
16843,0
16844,2
16845,2
16846,3
16847,0
16848,4
16849,4
16850,4
16851,1
16852,2
16853,2
16854,0
16855,3
16856,4
16857,3
16858,4
16859,3
16860,3
16861,2
16862,3
16863,4
16864,4
16865,2
16866,0
16867,1
16868,4
16869,1
16870,3
16871,1
16872,1
16873,3
16874,3
16875,3
16876,1
16877,0
16878,3
16879,3
16880,4
16881,3
16882,0
16883,0
16884,3
16885,4
16886,3
16887,0
16888,3
16889,1
16890,2
16891,4
16892,2
16893,1
16894,4
16895,2
16896,2
16897,3
16898,0
16899,4
16900,4
16901,4
16902,2
16903,4
16904,1
16905,3
16906,1
16907,2
16908,1
16909,1
16910,1
16911,2
16912,3
16913,2
16914,0
16915,2
16916,2
16917,1
16918,1
16919,2
16920,4
16921,2
16922,0
16923,1
16924,0
16925,4
16926,3
16927,3
16928,3
16929,4
16930,3
16931,0
16932,0
16933,4
16934,3
16935,1
16936,1
16937,3
16938,1
16939,1
16940,1
16941,3
16942,2
16943,1
16944,3
16945,3
16946,3
16947,4
16948,4
16949,3
16950,4
16951,2
16952,4
16953,2
16954,1
16955,0
16956,3
16957,1
16958,0
16959,2
16960,1
16961,3
16962,1
16963,2
16964,3
16965,1
16966,0
16967,3
16968,2
16969,2
16970,2
16971,2
16972,1
16973,0
16974,1
16975,2
16976,1
16977,3
16978,3
16979,4
16980,1
16981,1
16982,3
16983,3
16984,2
16985,0
16986,1
16987,4
16988,0
16989,2
16990,1
16991,4
16992,4
16993,1
16994,4
16995,1
16996,1
16997,2
16998,0
16999,1
17000,2
17001,1
17002,1
17003,2
17004,3
17005,1
17006,1
17007,1
17008,3
17009,3
17010,2
17011,0
17012,1
17013,4
17014,1
17015,4
17016,3
17017,0
17018,1
17019,3
17020,2
17021,3
17022,3
17023,2
17024,4
17025,2
17026,0
17027,2
17028,4
17029,1
17030,0
17031,3
17032,0
17033,3
17034,0
17035,3
17036,2
17037,2
17038,1
17039,0
17040,3
17041,2
17042,1
17043,2
17044,4
17045,2
17046,3
17047,3
17048,1
17049,4
17050,3
17051,1
17052,3
17053,4
17054,3
17055,0
17056,1
17057,2
17058,2
17059,0
17060,1
17061,0
17062,3
17063,2
17064,0
17065,2
17066,3
17067,0
17068,1
17069,2
17070,4
17071,0
17072,2
17073,1
17074,4
17075,0
17076,0
17077,1
17078,1
17079,3
17080,3
17081,3
17082,3
17083,0
17084,1
17085,4
17086,3
17087,0
17088,0
17089,3
17090,4
17091,3
17092,3
17093,0
17094,4
17095,3
17096,4
17097,2
17098,3
17099,1
17100,1
17101,1
17102,2
17103,3
17104,2
17105,2
17106,2
17107,4
17108,3
17109,0
17110,4
17111,2
17112,0
17113,4
17114,4
17115,1
17116,3
17117,1
17118,2
17119,3
17120,4
17121,1
17122,0
17123,0
17124,1
17125,3
17126,0
17127,0
17128,4
17129,1
17130,4
17131,4
17132,3
17133,4
17134,1
17135,0
17136,0
17137,1
17138,0
17139,1
17140,1
17141,1
17142,3
17143,3
17144,3
17145,3
17146,0
17147,0
17148,1
17149,1
17150,1
17151,4
17152,4
17153,2
17154,3
17155,2
17156,0
17157,4
17158,1
17159,4
17160,3
17161,2
17162,3
17163,0
17164,4
17165,1
17166,2
17167,3
17168,4
17169,3
17170,2
17171,1
17172,2
17173,1
17174,4
17175,2
17176,4
17177,2
17178,1
17179,4
17180,3
17181,0
17182,3
17183,2
17184,0
17185,4
17186,2
17187,4
17188,4
17189,1
17190,2
17191,4
17192,0
17193,4
17194,1
17195,2
17196,3
17197,3
17198,4
17199,3
17200,4
17201,3
17202,1
17203,3
17204,1
17205,2
17206,1
17207,3
17208,1
17209,3
17210,0
17211,1
17212,4
17213,4
17214,0
17215,3
17216,1
17217,4
17218,0
17219,3
17220,4
17221,1
17222,3
17223,1
17224,3
17225,0
17226,4
17227,1
17228,0
17229,3
17230,1
17231,1
17232,2
17233,1
17234,4
17235,3
17236,2
17237,4
17238,3
17239,0
17240,4
17241,1
17242,3
17243,0
17244,0
17245,1
17246,3
17247,1
17248,4
17249,2
17250,2
17251,1
17252,4
17253,2
17254,0
17255,2
17256,4
17257,1
17258,3
17259,4
17260,4
17261,1
17262,0
17263,1
17264,0
17265,3
17266,4
17267,1
17268,1
17269,0
17270,4
17271,4
17272,2
17273,2
17274,1
17275,4
17276,1
17277,2
17278,1
17279,4
17280,0
17281,3
17282,0
17283,3
17284,1
17285,0
17286,1
17287,3
17288,1
17289,2
17290,3
17291,2
17292,4
17293,0
17294,0
17295,3
17296,1
17297,4
17298,0
17299,0
17300,1
17301,1
17302,2
17303,3
17304,1
17305,0
17306,0
17307,3
17308,2
17309,3
17310,0
17311,3
17312,4
17313,1
17314,0
17315,3
17316,4
17317,3
17318,1
17319,1
17320,2
17321,0
17322,3
17323,0
17324,3
17325,2
17326,2
17327,3
17328,1
17329,3
17330,1
17331,4
17332,4
17333,4
17334,4
17335,0
17336,2
17337,3
17338,2
17339,4
17340,0
17341,4
17342,1
17343,0
17344,1
17345,3
17346,0
17347,2
17348,2
17349,2
17350,3
17351,1
17352,0
17353,3
17354,3
17355,0
17356,2
17357,2
17358,2
17359,1
17360,2
17361,4
17362,3
17363,1
17364,1
17365,2
17366,1
17367,3
17368,4
17369,0
17370,0
17371,0
17372,1
17373,0
17374,1
17375,3
17376,3
17377,3
17378,1
17379,1
17380,3
17381,0
17382,2
17383,0
17384,0
17385,0
17386,2
17387,3
17388,4
17389,3
17390,3
17391,0
17392,4
17393,1
17394,0
17395,0
17396,2
17397,0
17398,4
17399,3
17400,2
17401,1
17402,2
17403,2
17404,3
17405,1
17406,4
17407,4
17408,3
17409,2
17410,3
17411,3
17412,4
17413,0
17414,3
17415,2
17416,3
17417,0
17418,0
17419,3
17420,0
17421,2
17422,0
17423,1
17424,0
17425,0
17426,3
17427,0
17428,0
17429,2
17430,1
17431,0
17432,1
17433,3
17434,1
17435,2
17436,0
17437,2
17438,3
17439,1
17440,0
17441,2
17442,4
17443,0
17444,4
17445,4
17446,2
17447,2
17448,2
17449,0
17450,4
17451,4
17452,3
17453,2
17454,1
17455,1
17456,3
17457,0
17458,4
17459,4
17460,4
17461,2
17462,3
17463,3
17464,3
17465,4
17466,1
17467,4
17468,4
17469,2
17470,2
17471,3
17472,0
17473,1
17474,0
17475,4
17476,4
17477,3
17478,1
17479,1
17480,1
17481,1
17482,1
17483,3
17484,1
17485,3
17486,4
17487,3
17488,2
17489,3
17490,1
17491,2
17492,3
17493,4
17494,3
17495,2
17496,0
17497,0
17498,0
17499,2
17500,3
17501,1
17502,0
17503,0
17504,4
17505,3
17506,0
17507,1
17508,0
17509,3
17510,1
17511,3
17512,0
17513,3
17514,2
17515,4
17516,2
17517,3
17518,1
17519,0
17520,4
17521,1
17522,1
17523,2
17524,4
17525,3
17526,1
17527,4
17528,4
17529,0
17530,0
17531,1
17532,3
17533,4
17534,1
17535,0
17536,2
17537,2
17538,4
17539,0
17540,4
17541,2
17542,1
17543,1
17544,4
17545,3
17546,2
17547,4
17548,2
17549,4
17550,0
17551,2
17552,0
17553,1
17554,1
17555,3
17556,1
17557,0
17558,4
17559,3
17560,1
17561,2
17562,3
17563,3
17564,1
17565,1
17566,4
17567,0
17568,1
17569,1
17570,0
17571,2
17572,1
17573,4
17574,3
17575,2
17576,1
17577,4
17578,4
17579,3
17580,2
17581,2
17582,0
17583,1
17584,0
17585,1
17586,0
17587,0
17588,4
17589,1
17590,2
17591,3
17592,0
17593,0
17594,4
17595,0
17596,3
17597,2
17598,4
17599,2
17600,4
17601,2
17602,2
17603,3
17604,1
17605,4
17606,4
17607,4
17608,0
17609,0
17610,2
17611,4
17612,2
17613,1
17614,1
17615,3
17616,1
17617,4
17618,1
17619,1
17620,3
17621,4
17622,0
17623,1
17624,4
17625,1
17626,0
17627,0
17628,0
17629,2
17630,2
17631,3
17632,2
17633,4
17634,0
17635,3
17636,3
17637,3
17638,0
17639,4
17640,0
17641,4
17642,1
17643,3
17644,3
17645,0
17646,0
17647,2
17648,4
17649,3
17650,2
17651,2
17652,3
17653,4
17654,2
17655,4
17656,0
17657,3
17658,4
17659,4
17660,3
17661,3
17662,0
17663,1
17664,3
17665,0
17666,0
17667,4
17668,1
17669,4
17670,0
17671,2
17672,0
17673,2
17674,0
17675,4
17676,1
17677,1
17678,0
17679,2
17680,4
17681,2
17682,2
17683,2
17684,4
17685,2
17686,3
17687,2
17688,2
17689,1
17690,4
17691,3
17692,0
17693,0
17694,2
17695,2
17696,3
17697,3
17698,2
17699,0
17700,4
17701,1
17702,4
17703,2
17704,4
17705,1
17706,1
17707,0
17708,1
17709,3
17710,3
17711,3
17712,2
17713,3
17714,4
17715,3
17716,1
17717,2
17718,1
17719,3
17720,0
17721,4
17722,3
17723,4
17724,2
17725,0
17726,4
17727,3
17728,4
17729,4
17730,2
17731,2
17732,0
17733,1
17734,3
17735,1
17736,0
17737,0
17738,3
17739,1
17740,3
17741,2
17742,0
17743,3
17744,4
17745,4
17746,3
17747,1
17748,1
17749,0
17750,2
17751,3
17752,1
17753,0
17754,0
17755,1
17756,3
17757,1
17758,1
17759,3
17760,1
17761,3
17762,0
17763,4
17764,3
17765,0
17766,1
17767,0
17768,2
17769,1
17770,4
17771,2
17772,2
17773,3
17774,2
17775,0
17776,3
17777,3
17778,4
17779,1
17780,1
17781,3
17782,1
17783,1
17784,1
17785,0
17786,0
17787,4
17788,0
17789,2
17790,2
17791,2
17792,4
17793,4
17794,4
17795,3
17796,0
17797,0
17798,2
17799,3
17800,2
17801,2
17802,1
17803,2
17804,4
17805,4
17806,2
17807,2
17808,3
17809,0
17810,1
17811,1
17812,4
17813,1
17814,4
17815,0
17816,1
17817,1
17818,4
17819,0
17820,3
17821,4
17822,4
17823,2
17824,3
17825,4
17826,3
17827,3
17828,0
17829,0
17830,2
17831,0
17832,0
17833,1
17834,2
17835,2
17836,2
17837,4
17838,1
17839,3
17840,4
17841,0
17842,1
17843,2
17844,1
17845,1
17846,1
17847,3
17848,2
17849,0
17850,3
17851,0
17852,3
17853,2
17854,3
17855,0
17856,4
17857,4
17858,3
17859,0
17860,0
17861,0
17862,3
17863,4
17864,1
17865,0
17866,0
17867,1
17868,1
17869,1
17870,2
17871,0
17872,4
17873,4
17874,4
17875,3
17876,0
17877,1
17878,4
17879,2
17880,1
17881,3
17882,2
17883,3
17884,4
17885,0
17886,0
17887,2
17888,3
17889,3
17890,0
17891,3
17892,1
17893,1
17894,0
17895,2
17896,4
17897,0
17898,4
17899,0
17900,4
17901,3
17902,3
17903,0
17904,4
17905,3
17906,2
17907,0
17908,0
17909,2
17910,1
17911,0
17912,3
17913,3
17914,1
17915,1
17916,3
17917,0
17918,3
17919,1
17920,3
17921,1
17922,3
17923,4
17924,4
17925,1
17926,1
17927,1
17928,3
17929,3
17930,4
17931,3
17932,2
17933,4
17934,3
17935,1
17936,4
17937,3
17938,2
17939,3
17940,3
17941,4
17942,1
17943,1
17944,0
17945,3
17946,4
17947,1
17948,2
17949,4
17950,1
17951,1
17952,4
17953,1
17954,0
17955,1
17956,2
17957,3
17958,2
17959,3
17960,0
17961,3
17962,2
17963,2
17964,4
17965,0
17966,2
17967,3
17968,0
17969,4
17970,3
17971,2
17972,1
17973,1
17974,1
17975,2
17976,0
17977,0
17978,0
17979,1
17980,3
17981,1
17982,1
17983,1
17984,3
17985,1
17986,4
17987,0
17988,3
17989,4
17990,2
17991,3
17992,0
17993,0
17994,2
17995,3
17996,4
17997,1
17998,2
17999,2
18000,3
18001,4
18002,4
18003,3
18004,1
18005,0
18006,4
18007,2
18008,2
18009,0
18010,4
18011,4
18012,0
18013,1
18014,4
18015,1
18016,4
18017,1
18018,0
18019,4
18020,3
18021,4
18022,2
18023,3
18024,3
18025,4
18026,4
18027,3
18028,1
18029,4
18030,0
18031,1
18032,3
18033,2
18034,0
18035,4
18036,0
18037,0
18038,4
18039,4
18040,2
18041,2
18042,1
18043,4
18044,1
18045,2
18046,2
18047,3
18048,1
18049,2
18050,2
18051,3
18052,1
18053,4
18054,3
18055,0
18056,2
18057,2
18058,2
18059,0
18060,3
18061,0
18062,4
18063,1
18064,4
18065,2
18066,0
18067,2
18068,0
18069,2
18070,4
18071,1
18072,4
18073,4
18074,1
18075,1
18076,2
18077,4
18078,4
18079,4
18080,2
18081,0
18082,3
18083,3
18084,3
18085,4
18086,1
18087,1
18088,0
18089,1
18090,4
18091,2
18092,2
18093,4
18094,3
18095,0
18096,0
18097,1
18098,3
18099,1
18100,2
18101,2
18102,3
18103,4
18104,2
18105,1
18106,1
18107,0
18108,2
18109,2
18110,4
18111,3
18112,1
18113,1
18114,0
18115,2
18116,4
18117,2
18118,1
18119,3
18120,2
18121,4
18122,4
18123,3
18124,0
18125,4
18126,1
18127,1
18128,3
18129,2
18130,4
18131,4
18132,3
18133,1
18134,3
18135,3
18136,3
18137,3
18138,3
18139,2
18140,4
18141,0
18142,1
18143,4
18144,4
18145,0
18146,0
18147,0
18148,3
18149,1
18150,2
18151,0
18152,2
18153,4
18154,0
18155,2
18156,1
18157,1
18158,2
18159,0
18160,0
18161,3
18162,2
18163,0
18164,3
18165,4
18166,4
18167,0
18168,3
18169,3
18170,1
18171,4
18172,4
18173,2
18174,3
18175,0
18176,3
18177,0
18178,0
18179,0
18180,3
18181,2
18182,0
18183,1
18184,0
18185,0
18186,2
18187,4
18188,1
18189,4
18190,4
18191,4
18192,3
18193,4
18194,3
18195,1
18196,0
18197,0
18198,2
18199,3
18200,1
18201,3
18202,2
18203,1
18204,0
18205,1
18206,1
18207,2
18208,0
18209,1
18210,2
18211,4
18212,0
18213,3
18214,2
18215,3
18216,3
18217,3
18218,4
18219,2
18220,4
18221,2
18222,4
18223,3
18224,1
18225,0
18226,0
18227,3
18228,1
18229,4
18230,1
18231,0
18232,4
18233,4
18234,2
18235,0
18236,4
18237,2
18238,4
18239,0
18240,0
18241,4
18242,0
18243,4
18244,1
18245,1
18246,2
18247,1
18248,3
18249,2
18250,1
18251,1
18252,3
18253,0
18254,1
18255,1
18256,4
18257,2
18258,2
18259,1
18260,2
18261,0
18262,2
18263,3
18264,2
18265,1
18266,0
18267,2
18268,2
18269,4
18270,4
18271,0
18272,2
18273,1
18274,0
18275,2
18276,1
18277,0
18278,3
18279,1
18280,3
18281,2
18282,0
18283,1
18284,3
18285,0
18286,4
18287,2
18288,0
18289,3
18290,3
18291,1
18292,1
18293,2
18294,4
18295,3
18296,4
18297,0
18298,1
18299,4
18300,3
18301,4
18302,2
18303,2
18304,4
18305,3
18306,3
18307,4
18308,4
18309,2
18310,1
18311,0
18312,1
18313,0
18314,1
18315,2
18316,1
18317,4
18318,4
18319,3
18320,4
18321,0
18322,4
18323,3
18324,4
18325,1
18326,0
18327,1
18328,3
18329,2
18330,2
18331,1
18332,0
18333,0
18334,1
18335,1
18336,3
18337,3
18338,3
18339,2
18340,3
18341,1
18342,3
18343,4
18344,4
18345,0
18346,3
18347,1
18348,3
18349,2
18350,4
18351,4
18352,1
18353,0
18354,1
18355,4
18356,1
18357,4
18358,2
18359,4
18360,2
18361,3
18362,1
18363,2
18364,0
18365,2
18366,3
18367,4
18368,2
18369,3
18370,0
18371,0
18372,1
18373,0
18374,2
18375,3
18376,0
18377,4
18378,1
18379,2
18380,2
18381,3
18382,4
18383,2
18384,1
18385,1
18386,2
18387,4
18388,1
18389,0
18390,4
18391,3
18392,0
18393,4
18394,1
18395,4
18396,4
18397,3
18398,2
18399,1
18400,0
18401,1
18402,0
18403,2
18404,1
18405,4
18406,3
18407,0
18408,4
18409,2
18410,3
18411,2
18412,4
18413,0
18414,3
18415,1
18416,1
18417,4
18418,4
18419,2
18420,4
18421,4
18422,2
18423,0
18424,0
18425,3
18426,3
18427,0
18428,1
18429,3
18430,2
18431,4
18432,0
18433,0
18434,3
18435,2
18436,0
18437,0
18438,0
18439,4
18440,1
18441,2
18442,0
18443,1
18444,3
18445,2
18446,1
18447,1
18448,1
18449,4
18450,3
18451,4
18452,2
18453,4
18454,1
18455,4
18456,0
18457,1
18458,3
18459,3
18460,3
18461,1
18462,3
18463,4
18464,1
18465,0
18466,1
18467,1
18468,4
18469,2
18470,0
18471,3
18472,1
18473,4
18474,4
18475,0
18476,2
18477,3
18478,2
18479,0
18480,1
18481,1
18482,2
18483,2
18484,0
18485,2
18486,1
18487,4
18488,4
18489,3
18490,0
18491,1
18492,0
18493,2
18494,1
18495,3
18496,0
18497,1
18498,3
18499,3
18500,3
18501,0
18502,1
18503,1
18504,1
18505,2
18506,4
18507,4
18508,4
18509,0
18510,1
18511,2
18512,0
18513,0
18514,3
18515,0
18516,0
18517,2
18518,2
18519,3
18520,0
18521,1
18522,3
18523,3
18524,3
18525,3
18526,1
18527,4
18528,4
18529,3
18530,1
18531,2
18532,0
18533,0
18534,4
18535,4
18536,3
18537,2
18538,1
18539,2
18540,2
18541,2
18542,1
18543,4
18544,4
18545,3
18546,1
18547,2
18548,2
18549,0
18550,2
18551,1
18552,2
18553,2
18554,3
18555,2
18556,0
18557,0
18558,1
18559,3
18560,3
18561,1
18562,4
18563,0
18564,1
18565,2
18566,4
18567,2
18568,3
18569,1
18570,2
18571,4
18572,2
18573,3
18574,1
18575,4
18576,2
18577,2
18578,4
18579,2
18580,1
18581,3
18582,0
18583,2
18584,3
18585,0
18586,4
18587,2
18588,4
18589,2
18590,4
18591,2
18592,1
18593,1
18594,1
18595,3
18596,0
18597,2
18598,2
18599,3
18600,2
18601,1
18602,4
18603,2
18604,4
18605,0
18606,2
18607,1
18608,3
18609,1
18610,0
18611,1
18612,3
18613,3
18614,0
18615,3
18616,0
18617,1
18618,2
18619,0
18620,3
18621,1
18622,1
18623,4
18624,0
18625,4
18626,0
18627,0
18628,0
18629,0
18630,1
18631,3
18632,4
18633,1
18634,1
18635,1
18636,2
18637,2
18638,1
18639,3
18640,0
18641,4
18642,4
18643,2
18644,3
18645,2
18646,2
18647,4
18648,1
18649,1
18650,3
18651,2
18652,2
18653,3
18654,3
18655,4
18656,4
18657,0
18658,3
18659,4
18660,4
18661,2
18662,3
18663,3
18664,0
18665,2
18666,1
18667,1
18668,3
18669,3
18670,2
18671,3
18672,0
18673,3
18674,4
18675,0
18676,0
18677,0
18678,3
18679,0
18680,3
18681,1
18682,2
18683,4
18684,2
18685,0
18686,4
18687,1
18688,3
18689,2
18690,3
18691,3
18692,3
18693,0
18694,2
18695,0
18696,3
18697,4
18698,1
18699,3
18700,2
18701,3
18702,3
18703,2
18704,4
18705,1
18706,4
18707,2
18708,3
18709,3
18710,1
18711,1
18712,3
18713,2
18714,4
18715,4
18716,3
18717,2
18718,4
18719,2
18720,1
18721,0
18722,3
18723,0
18724,4
18725,0
18726,0
18727,3
18728,0
18729,1
18730,4
18731,3
18732,3
18733,0
18734,1
18735,0
18736,0
18737,1
18738,4
18739,1
18740,0
18741,3
18742,2
18743,2
18744,0
18745,0
18746,2
18747,3
18748,3
18749,0
18750,4
18751,2
18752,4
18753,1
18754,1
18755,0
18756,0
18757,0
18758,2
18759,3
18760,2
18761,3
18762,2
18763,1
18764,3
18765,0
18766,2
18767,3
18768,2
18769,0
18770,1
18771,4
18772,2
18773,2
18774,1
18775,2
18776,4
18777,3
18778,3
18779,3
18780,1
18781,2
18782,0
18783,3
18784,1
18785,0
18786,0
18787,4
18788,1
18789,1
18790,3
18791,4
18792,4
18793,2
18794,3
18795,3
18796,1
18797,2
18798,2
18799,0
18800,1
18801,2
18802,1
18803,1
18804,3
18805,0
18806,2
18807,1
18808,2
18809,2
18810,1
18811,3
18812,0
18813,2
18814,1
18815,0
18816,0
18817,1
18818,4
18819,0
18820,2
18821,3
18822,2
18823,4
18824,4
18825,2
18826,0
18827,3
18828,4
18829,0
18830,1
18831,0
18832,2
18833,3
18834,1
18835,1
18836,3
18837,4
18838,3
18839,4
18840,3
18841,4
18842,1
18843,1
18844,4
18845,3
18846,1
18847,4
18848,0
18849,0
18850,3
18851,3
18852,3
18853,0
18854,1
18855,1
18856,0
18857,3
18858,1
18859,0
18860,4
18861,4
18862,1
18863,1
18864,0
18865,0
18866,2
18867,1
18868,2
18869,4
18870,3
18871,3
18872,3
18873,1
18874,1
18875,4
18876,1
18877,4
18878,2
18879,0
18880,1
18881,4
18882,0
18883,0
18884,0
18885,0
18886,3
18887,2
18888,2
18889,1
18890,2
18891,1
18892,0
18893,4
18894,1
18895,3
18896,1
18897,2
18898,3
18899,4
18900,3
18901,3
18902,1
18903,0
18904,2
18905,0
18906,4
18907,0
18908,4
18909,2
18910,2
18911,3
18912,1
18913,2
18914,2
18915,0
18916,2
18917,2
18918,2
18919,2
18920,1
18921,1
18922,0
18923,1
18924,0
18925,3
18926,4
18927,0
18928,2
18929,1
18930,4
18931,2
18932,3
18933,4
18934,2
18935,3
18936,0
18937,1
18938,4
18939,2
18940,1
18941,1
18942,2
18943,4
18944,3
18945,2
18946,0
18947,1
18948,3
18949,0
18950,4
18951,4
18952,0
18953,1
18954,2
18955,4
18956,0
18957,2
18958,4
18959,2
18960,1
18961,0
18962,2
18963,1
18964,4
18965,3
18966,4
18967,3
18968,2
18969,3
18970,1
18971,3
18972,1
18973,0
18974,3
18975,4
18976,4
18977,3
18978,1
18979,1
18980,3
18981,1
18982,3
18983,2
18984,2
18985,3
18986,1
18987,3
18988,1
18989,0
18990,0
18991,4
18992,4
18993,4
18994,1
18995,2
18996,4
18997,3
18998,0
18999,2
19000,2
19001,1
19002,3
19003,4
19004,0
19005,1
19006,0
19007,4
19008,3
19009,2
19010,1
19011,3
19012,1
19013,3
19014,1
19015,4
19016,0
19017,1
19018,4
19019,0
19020,1
19021,1
19022,3
19023,4
19024,3
19025,0
19026,2
19027,4
19028,0
19029,0
19030,3
19031,2
19032,3
19033,1
19034,2
19035,3
19036,0
19037,4
19038,1
19039,4
19040,2
19041,2
19042,1
19043,3
19044,0
19045,3
19046,3
19047,2
19048,1
19049,1
19050,0
19051,3
19052,2
19053,0
19054,4
19055,1
19056,2
19057,1
19058,2
19059,4
19060,3
19061,3
19062,0
19063,4
19064,1
19065,0
19066,1
19067,4
19068,4
19069,2
19070,2
19071,3
19072,3
19073,2
19074,4
19075,4
19076,2
19077,1
19078,3
19079,0
19080,4
19081,3
19082,2
19083,3
19084,3
19085,3
19086,1
19087,1
19088,3
19089,1
19090,3
19091,1
19092,2
19093,1
19094,4
19095,4
19096,1
19097,4
19098,1
19099,3
19100,1
19101,1
19102,0
19103,1
19104,3
19105,4
19106,4
19107,1
19108,0
19109,2
19110,1
19111,0
19112,4
19113,4
19114,2
19115,0
19116,2
19117,3
19118,3
19119,3
19120,2
19121,3
19122,2
19123,1
19124,4
19125,0
19126,2
19127,1
19128,3
19129,4
19130,1
19131,3
19132,3
19133,2
19134,4
19135,4
19136,4
19137,1
19138,0
19139,2
19140,3
19141,1
19142,4
19143,2
19144,2
19145,2
19146,4
19147,2
19148,1
19149,2
19150,0
19151,2
19152,1
19153,1
19154,2
19155,1
19156,2
19157,0
19158,0
19159,0
19160,3
19161,2
19162,4
19163,1
19164,0
19165,1
19166,0
19167,2
19168,0
19169,4
19170,2
19171,4
19172,4
19173,2
19174,0
19175,0
19176,1
19177,1
19178,3
19179,0
19180,1
19181,0
19182,2
19183,2
19184,2
19185,1
19186,2
19187,0
19188,2
19189,2
19190,1
19191,1
19192,3
19193,4
19194,4
19195,1
19196,0
19197,3
19198,4
19199,2
19200,0
19201,1
19202,4
19203,3
19204,2
19205,0
19206,1
19207,0
19208,2
19209,2
19210,4
19211,2
19212,2
19213,4
19214,2
19215,3
19216,4
19217,1
19218,0
19219,0
19220,1
19221,0
19222,0
19223,0
19224,2
19225,1
19226,2
19227,3
19228,3
19229,0
19230,2
19231,0
19232,0
19233,0
19234,4
19235,0
19236,0
19237,3
19238,4
19239,1
19240,3
19241,1
19242,0
19243,2
19244,0
19245,2
19246,3
19247,0
19248,0
19249,2
19250,3
19251,1
19252,3
19253,0
19254,3
19255,3
19256,2
19257,0
19258,1
19259,4
19260,3
19261,4
19262,3
19263,0
19264,1
19265,2
19266,4
19267,3
19268,4
19269,4
19270,0
19271,4
19272,0
19273,4
19274,0
19275,3
19276,4
19277,3
19278,0
19279,2
19280,3
19281,0
19282,1
19283,2
19284,2
19285,4
19286,1
19287,0
19288,4
19289,1
19290,3
19291,3
19292,2
19293,2
19294,4
19295,1
19296,4
19297,0
19298,0
19299,3
19300,0
19301,0
19302,2
19303,2
19304,4
19305,1
19306,1
19307,2
19308,3
19309,0
19310,0
19311,2
19312,2
19313,2
19314,2
19315,3
19316,3
19317,2
19318,4
19319,3
19320,2
19321,3
19322,1
19323,3
19324,3
19325,4
19326,1
19327,1
19328,4
19329,4
19330,4
19331,3
19332,0
19333,2
19334,3
19335,2
19336,1
19337,1
19338,2
19339,4
19340,4
19341,3
19342,2
19343,1
19344,2
19345,1
19346,0
19347,2
19348,3
19349,2
19350,2
19351,4
19352,1
19353,1
19354,0
19355,1
19356,0
19357,0
19358,1
19359,2
19360,4
19361,3
19362,0
19363,2
19364,2
19365,1
19366,4
19367,3
19368,0
19369,3
19370,1
19371,3
19372,4
19373,2
19374,3
19375,2
19376,4
19377,3
19378,3
19379,1
19380,1
19381,4
19382,1
19383,1
19384,4
19385,3
19386,2
19387,0
19388,3
19389,0
19390,2
19391,3
19392,2
19393,3
19394,1
19395,4
19396,4
19397,1
19398,3
19399,2
19400,3
19401,3
19402,0
19403,4
19404,0
19405,4
19406,2
19407,0
19408,2
19409,2
19410,4
19411,4
19412,2
19413,2
19414,3
19415,1
19416,2
19417,4
19418,0
19419,0
19420,4
19421,0
19422,1
19423,1
19424,3
19425,3
19426,4
19427,4
19428,3
19429,2
19430,4
19431,3
19432,1
19433,0
19434,1
19435,0
19436,1
19437,4
19438,0
19439,1
19440,0
19441,1
19442,3
19443,2
19444,4
19445,4
19446,0
19447,3
19448,4
19449,3
19450,2
19451,1
19452,2
19453,4
19454,2
19455,0
19456,3
19457,3
19458,3
19459,4
19460,3
19461,0
19462,3
19463,3
19464,0
19465,0
19466,2
19467,3
19468,2
19469,4
19470,2
19471,3
19472,0
19473,2
19474,1
19475,0
19476,1
19477,3
19478,4
19479,3
19480,0
19481,4
19482,2
19483,1
19484,1
19485,1
19486,0
19487,3
19488,1
19489,2
19490,2
19491,4
19492,1
19493,2
19494,2
19495,1
19496,2
19497,1
19498,2
19499,0
19500,4
19501,0
19502,3
19503,2
19504,3
19505,1
19506,4
19507,2
19508,2
19509,0
19510,2
19511,4
19512,3
19513,3
19514,4
19515,2
19516,2
19517,4
19518,4
19519,3
19520,2
19521,1
19522,3
19523,3
19524,1
19525,0
19526,2
19527,4
19528,4
19529,4
19530,3
19531,3
19532,2
19533,1
19534,1
19535,0
19536,0
19537,0
19538,2
19539,0
19540,0
19541,4
19542,1
19543,0
19544,4
19545,3
19546,0
19547,1
19548,3
19549,4
19550,0
19551,1
19552,2
19553,0
19554,0
19555,4
19556,1
19557,3
19558,3
19559,4
19560,0
19561,0
19562,2
19563,1
19564,1
19565,0
19566,0
19567,4
19568,3
19569,0
19570,1
19571,4
19572,3
19573,0
19574,0
19575,1
19576,1
19577,4
19578,0
19579,2
19580,2
19581,1
19582,1
19583,4
19584,1
19585,4
19586,3
19587,1
19588,0
19589,3
19590,3
19591,3
19592,3
19593,4
19594,0
19595,2
19596,1
19597,4
19598,4
19599,4
19600,4
19601,1
19602,1
19603,2
19604,2
19605,0
19606,3
19607,0
19608,0
19609,1
19610,0
19611,1
19612,2
19613,2
19614,2
19615,2
19616,1
19617,0
19618,4
19619,4
19620,1
19621,3
19622,4
19623,1
19624,1
19625,3
19626,2
19627,2
19628,2
19629,0
19630,4
19631,4
19632,3
19633,0
19634,3
19635,0
19636,0
19637,2
19638,4
19639,0
19640,4
19641,3
19642,3
19643,0
19644,3
19645,0
19646,4
19647,3
19648,1
19649,1
19650,0
19651,0
19652,2
19653,2
19654,2
19655,1
19656,1
19657,1
19658,0
19659,4
19660,2
19661,0
19662,2
19663,2
19664,4
19665,4
19666,3
19667,2
19668,2
19669,4
19670,3
19671,1
19672,4
19673,4
19674,1
19675,1
19676,3
19677,3
19678,2
19679,0
19680,0
19681,2
19682,2
19683,1
19684,0
19685,4
19686,2
19687,2
19688,4
19689,1
19690,3
19691,4
19692,0
19693,0
19694,2
19695,2
19696,3
19697,1
19698,4
19699,2
19700,0
19701,3
19702,4
19703,1
19704,2
19705,2
19706,1
19707,2
19708,0
19709,4
19710,2
19711,3
19712,1
19713,4
19714,1
19715,3
19716,1
19717,1
19718,1
19719,3
19720,3
19721,3
19722,4
19723,1
19724,3
19725,0
19726,2
19727,2
19728,2
19729,1
19730,2
19731,1
19732,2
19733,1
19734,2
19735,3
19736,1
19737,3
19738,2
19739,1
19740,0
19741,1
19742,4
19743,0
19744,1
19745,0
19746,3
19747,1
19748,1
19749,1
19750,0
19751,0
19752,3
19753,2
19754,2
19755,3
19756,1
19757,3
19758,3
19759,4
19760,0
19761,2
19762,0
19763,0
19764,3
19765,4
19766,4
19767,4
19768,1
19769,3
19770,3
19771,4
19772,1
19773,1
19774,2
19775,2
19776,1
19777,1
19778,0
19779,4
19780,3
19781,0
19782,1
19783,1
19784,3
19785,1
19786,0
19787,3
19788,0
19789,1
19790,3
19791,2
19792,4
19793,0
19794,3
19795,2
19796,1
19797,2
19798,1
19799,3
19800,3
19801,4
19802,4
19803,0
19804,2
19805,1
19806,2
19807,0
19808,2
19809,2
19810,0
19811,4
19812,1
19813,3
19814,3
19815,3
19816,1
19817,4
19818,4
19819,4
19820,0
19821,4
19822,3
19823,0
19824,0
19825,1
19826,3
19827,3
19828,3
19829,4
19830,1
19831,2
19832,4
19833,3
19834,1
19835,0
19836,4
19837,4
19838,0
19839,2
19840,2
19841,4
19842,0
19843,2
19844,3
19845,1
19846,3
19847,2
19848,3
19849,1
19850,2
19851,2
19852,4
19853,1
19854,3
19855,0
19856,3
19857,4
19858,2
19859,2
19860,4
19861,2
19862,1
19863,4
19864,1
19865,4
19866,0
19867,4
19868,2
19869,2
19870,3
19871,3
19872,4
19873,0
19874,1
19875,0
19876,4
19877,4
19878,1
19879,0
19880,0
19881,0
19882,4
19883,1
19884,1
19885,3
19886,3
19887,3
19888,3
19889,1
19890,0
19891,1
19892,1
19893,1
19894,1
19895,1
19896,4
19897,1
19898,2
19899,4
19900,0
19901,0
19902,3
19903,1
19904,3
19905,4
19906,0
19907,3
19908,4
19909,1
19910,0
19911,1
19912,0
19913,1
19914,0
19915,2
19916,2
19917,4
19918,3
19919,2
19920,0
19921,0
19922,0
19923,3
19924,3
19925,1
19926,1
19927,1
19928,4
19929,0
19930,4
19931,0
19932,0
19933,4
19934,3
19935,3
19936,2
19937,1
19938,1
19939,1
19940,1
19941,0
19942,1
19943,2
19944,1
19945,0
19946,0
19947,3
19948,3
19949,1
19950,3
19951,2
19952,2
19953,2
19954,1
19955,3
19956,1
19957,0
19958,0
19959,4
19960,3
19961,4
19962,4
19963,0
19964,2
19965,4
19966,4
19967,1
19968,2
19969,1
19970,3
19971,1
19972,3
19973,4
19974,3
19975,0
19976,4
19977,2
19978,2
19979,3
19980,0
19981,1
19982,4
19983,2
19984,1
19985,1
19986,3
19987,0
19988,4
19989,3
19990,3
19991,0
19992,1
19993,4
19994,3
19995,2
19996,3
19997,3
19998,0
19999,4
20000,4
20001,1
20002,4
20003,1
20004,3
20005,1
20006,1
20007,0
20008,0
20009,3
20010,2
20011,3
20012,4
20013,2
20014,0
20015,3
20016,0
20017,3
20018,2
20019,3
20020,4
20021,1
20022,1
20023,1
20024,2
20025,1
20026,1
20027,0
20028,3
20029,1
20030,2
20031,2
20032,3
20033,0
20034,3
20035,4
20036,0
20037,0
20038,1
20039,0
20040,3
20041,3
20042,2
20043,2
20044,3
20045,2
20046,1
20047,0
20048,1
20049,1
20050,2
20051,2
20052,1
20053,3
20054,2
20055,2
20056,3
20057,4
20058,4
20059,2
20060,3
20061,2
20062,1
20063,3
20064,4
20065,2
20066,3
20067,2
20068,2
20069,1
20070,2
20071,1
20072,4
20073,0
20074,3
20075,0
20076,0
20077,2
20078,0
20079,0
20080,4
20081,2
20082,4
20083,4
20084,0
20085,1
20086,0
20087,1
20088,0
20089,3
20090,0
20091,2
